site,team,ttrans,transect,spcode,start,stop,dieback,notes
BR,BT,1,BT1,HERB,0,0.1,,
BR,BT,1,BT1,OPCHI,1.08,1.18,100,
BR,BT,1,BT1,HERB,1.27,1.37,,
BR,BT,1,BT1,VISTE,2.42,3,100,
BR,BT,1,BT1,VISTE,2.85,3.25,100,
BR,BT,1,BT1,RHVIR,4,4.4,1,
BR,BT,1,BT1,PRGLA,4.3,5,,
BR,BT,1,BT1,MATRI,4.95,5.35,100,
BR,BT,1,BT1,PRGLA,5.55,5.85,75,
BR,BT,1,BT1,OPCHI,6.3,6.35,,
BR,BT,1,BT1,OPCHI,7.05,7.42,,
BR,BT,1,BT1,HERB,7.6,7.65,,
BR,BT,1,BT1,HERB,8.38,8.41,,
BR,BT,1,BT1,DALEI,9.2,10.1,,
BR,BT,1,BT1,ACCON,10.4,10.53,90,
BR,BT,1,BT1,ACCON,10.9,11,50,
BR,BT,1,BT1,DALEI,11.1,11.65,,
BR,BT,1,BT1,unarmd,11.8,11.92,50,
BR,BT,1,BT1,HERB,12.42,12.45,,
BR,BT,1,BT1,HERB,13,13.05,,
BR,BT,1,BT1,HERB,13.1,13.15,,
BR,BT,1,BT1,unarmd,14.47,14.6,50,
BR,BT,1,BT1,unarmd,15.05,15.22,60,
BR,BT,1,BT1,MATRI,16.5,17.3,5,
BR,BT,1,BT1,OPCHI,16.26,16.4,90,
BR,BT,1,BT1,RHVIR,16.8,17.3,10,
BR,BT,1,BT1,JUPIN,18.35,19.9,2,
BR,BT,1,BT1,NOERU,18.3,19,,
BR,BT,1,BT1,RHVIR,18.7,20.7,70,
BR,BT,1,BT1,OPCHI,21.9,22.1,20,
BR,BT,1,BT1,salalt,22.25,22.38,,
BR,BT,1,BT1,unarmd,22.95,23.35,90,
BR,BT,1,BT1,NOERU,24.1,24.6,,
BR,BT,1,BT1,ACCON,24.1,24.4,50,
BR,BT,1,BT1,HERB,25.1,25.17,,
BR,BT,1,BT1,DALEI,24.82,24.9,,
BR,BT,1,BT1,RHMIC,25.7,26.4,40,
BR,BT,1,BT1,MATRI,26.36,26.65,20,
BR,BT,1,BT1,HERB,26.7,26.85,,
BR,BT,1,BT1,HERB,27.2,27.25,,
BR,BT,1,BT1,HERB,27.6,27.65,,
BR,BT,1,BT1,VISTE,29.8,30,100,
BR,BT,1,BT1,ACCON,30.3,30.5,10,
BR,BT,1,BT1,HERB,30.4,30.45,,
BR,BT,1,BT1,VISTE,30.8,31.1,100,
BR,BT,1,BT1,RHMIC,31.3,31.7,60,
BR,BT,1,BT1,VISTE,32,32.3,80,
BR,BT,1,BT1,unarmd,32.1,32.4,,
BR,BT,1,BT1,OPCHI,32.8,33.2,50,
BR,BT,1,BT1,EPTOR,35.1,35.65,,
BR,BT,1,BT1,MATRI,35.9,36.75,30,
BR,BT,1,BT1,NOERU,35.95,36.2,95,
BR,BT,1,BT1,HERB,37.07,37.12,,
BR,BT,1,BT1,JUPIN,37.95,40,50,
BR,BT,1,BT1,NOERU,38.35,38.7,50,
BR,BT,1,BT1,NOERU,39.2,39.35,30,
BR,BT,1,BT1,OPCHI,39.45,39.85,15,
BR,BT,1,BT1,salalt,41.1,41.45,5,
BR,BT,1,BT1,JUPIN,42.6,44.9,99,
BR,BT,1,BT1,NOERU,43.4,43.6,30,
BR,BT,1,BT1,ACCON,45.2,45.7,,
BR,BT,1,BT1,salalt,46.4,46.7,100,
BR,BT,1,BT1,salalt,46.8,47.25,100,
BR,BT,1,BT1,salalt,48.9,49.5,100,
BR,BT,1,BT1,salalt,49.7,50,100,
BR,DT,2,DT2,VISTE,1.9,2,100,
BR,DT,2,DT2,HERB,2.3,2.8,,
BR,DT,2,DT2,VISTE,2.6,3.2,100,
BR,DT,2,DT2,DALEI,3.6,4.2,,
BR,DT,2,DT2,OPCHI,4.15,4.75,,
BR,DT,2,DT2,HERB,4.4,6.9,,
BR,DT,2,DT2,VISTE,4.45,4.5,100,
BR,DT,2,DT2,EPTOR,8.6,9.35,,
BR,DT,2,DT2,VISTE,9.8,10.1,100,
BR,DT,2,DT2,salalt,10.15,10.45,,
BR,DT,2,DT2,RHVIR,11,12.65,75,
BR,DT,2,DT2,HERB,12,12.2,,
BR,DT,2,DT2,ALGRA,13,13.3,100,
BR,DT,2,DT2,OPCHI,13.7,14.1,10,
BR,DT,2,DT2,NOERU,14.05,14.9,,
BR,DT,2,DT2,RHVIR,14.5,15,90,
BR,DT,2,DT2,NOERU,15.6,16.3,,
BR,DT,2,DT2,OPCHI,17,17.15,90,
BR,DT,2,DT2,unarmd,17.2,17.85,50,
BR,DT,2,DT2,VISTE,18.8,19,100,
BR,DT,2,DT2,HERB,18.7,19.1,,
BR,DT,2,DT2,HERB,20.4,20.7,,
BR,DT,2,DT2,unarmd,20.4,21.4,10,
BR,DT,2,DT2,unarmd,22.65,22.7,90,
BR,DT,2,DT2,DALEI,22.7,23.35,,
BR,DT,2,DT2,EPTOR,23.5,23.6,,
BR,DT,2,DT2,DALEI,23.75,24.4,,
BR,DT,2,DT2,unarmd,24,24.1,95,
BR,DT,2,DT2,OPCHI,24.75,25.3,,
BR,DT,2,DT2,HERB,24.5,24.7,,
BR,DT,2,DT2,HERB,26,26.05,,
BR,DT,2,DT2,unarmd,26.1,26.2,,
BR,DT,2,DT2,OPCHI,26.4,26.9,10,
BR,DT,2,DT2,DALEI,29,30.5,,
BR,DT,2,DT2,HERB,31,31.05,,
BR,DT,2,DT2,EPTOR,33.4,33.5,,
BR,DT,2,DT2,JUPIN,33.6,36.7,15,
BR,DT,2,DT2,RHMIC,35.4,36.8,5,
BR,DT,2,DT2,unarmd,36.5,37.35,20,
BR,DT,2,DT2,RHVIR,37.5,38.7,20,
BR,DT,2,DT2,DAFOR,39.5,40,100,
BR,DT,2,DT2,unarmd,40.1,40.7,,
BR,DT,2,DT2,salalt,41.35,41.4,,
BR,DT,2,DT2,OPCHI,41.55,41.75,15,
BR,DT,2,DT2,salalt,41.9,42,,
BR,DT,2,DT2,ACCON,42.1,42.95,5,
BR,DT,2,DT2,HERB,43.4,43.45,,
BR,DT,2,DT2,OPCHI,44.3,44.5,,
BR,DT,2,DT2,JUPIN,44.8,46.9,10,
BR,DT,2,DT2,HERB,46.6,46.9,,
BR,DT,2,DT2,RHVIR,47.1,48.5,50,
BR,DT,2,DT2,MATRI,47.3,47.7,40,
BR,DT,2,DT2,RHMIC,48.6,49.4,70,
BR,DT,2,DT2,MATRI,48.9,50,40,
BR,DL,3,DL1,HERB,1.1,2.2,,
BR,DL,3,DL1,ACCON,1.4,1.5,,
BR,DL,3,DL1,ACCON,2.95,3.6,,
BR,DL,3,DL1,HERB,4,4.3,,
BR,DL,3,DL1,RHVIR,5.4,7.7,95,
BR,DL,3,DL1,MATRI,8.1,10.55,10,
BR,DL,3,DL1,DALEI,11.5,12.4,,
BR,DL,3,DL1,NOERU,13.2,13.9,,
BR,DL,3,DL1,OPCHI,12.8,13.1,,
BR,DL,3,DL1,DALEI,14.6,15.4,,
BR,DL,3,DL1,DALEI,15.9,16.9,,
BR,DL,3,DL1,DALEI,17,18.3,,
BR,DL,3,DL1,OPCHI,18.4,18.6,,
BR,DL,3,DL1,HERB,19.2,19.9,,
BR,DL,3,DL1,ECDAS,19.9,20.1,100,
BR,DL,3,DL1,OPCHI,21.6,22.15,,
BR,DL,3,DL1,HERB,21.65,22.3,,
BR,DL,3,DL1,ACCON,23.6,24,,
BR,DL,3,DL1,DALEI,24.7,26,,
BR,DL,3,DL1,VISTE,26.6,26.7,100,
BR,DL,3,DL1,DAFOR,27,27.1,100,
BR,DL,3,DL1,NOERU,29.1,30.7,,
BR,DL,3,DL1,OPCHI,31.2,31.25,,
BR,DL,3,DL1,OPCHI,33.1,33.3,,
BR,DL,3,DL1,HERB,33.4,33.8,,
BR,DL,3,DL1,HERB,35.6,35.9,,
BR,DL,3,DL1,OPCHI,39.6,40.1,,
BR,DL,3,DL1,HERB,39.5,40.3,,
BR,DL,3,DL1,EPTOR,39.9,40.5,,
BR,DL,3,DL1,HERB,42.4,42.9,,
BR,DL,3,DL1,EPTOR,43.2,43.7,,
BR,DL,3,DL1,ACCON,44.4,44.5,,
BR,DL,3,DL1,OPCHI,45.2,45.5,,
BR,DL,3,DL1,MIACU,46.5,46.7,70,
BR,DL,3,DL1,VISTE,47.2,47.6,,
BR,DL,3,DL1,EPTOR,48.3,49.1,,
BR,DL,3,DL1,HERB,49.3,50,,
BR,CT,4,CT1,DALEI,0,1,,
BR,CT,4,CT1,DALEI,1.23,1.6,,
BR,CT,4,CT1,DALEI,2.1,3.2,,
BR,CT,4,CT1,YUTOR,3.5,3.7,,
BR,CT,4,CT1,DAFOR,5.4,5.9,,
BR,CT,4,CT1,DALEI,6.5,8,50,
BR,CT,4,CT1,ACCON,8.7,9,,
BR,CT,4,CT1,OPCHI,9.4,11.8,,
BR,CT,4,CT1,MIACU,12.9,13,,
BR,CT,4,CT1,MIACU,15,16,,
BR,CT,4,CT1,FERUP,17.2,17.5,100,
BR,CT,4,CT1,OPCHI,18.3,18.8,100,
BR,CT,4,CT1,RHTRI,18.7,21,100,
BR,CT,4,CT1,MIACU,20.4,21.5,,resprout
BR,CT,4,CT1,COVIR,22,23.2,,
BR,CT,4,CT1,COVIR,22.7,23.7,,
BR,CT,4,CT1,EPTOR,24.26,25.4,,
BR,CT,4,CT1,EPTOR,25.52,26.17,,
BR,CT,4,CT1,salalt,26.1,26.5,,
BR,CT,4,CT1,ACCON,27,27.7,,
BR,CT,4,CT1,ACCON,28.4,29,100,
BR,CT,4,CT1,ACCON,29.4,29.6,,
BR,CT,4,CT1,salalt,29.7,30.5,95,
BR,CT,4,CT1,salalt,30.5,31.4,80,
BR,CT,4,CT1,OPCHI,31.2,33.6,50,
BR,CT,4,CT1,HERB,34.5,35,,
BR,CT,4,CT1,RHMIC,36.5,38,,
BR,CT,4,CT1,OPCHI,35.5,36,,
BR,CT,4,CT1,ACCON,39.7,39.9,,
BR,CT,4,CT1,HERB,38.9,39.1,,
BR,CT,4,CT1,salalt,41.8,42,,
BR,CT,4,CT1,salalt,42.4,43,,
BR,CT,4,CT1,ACCON,44.45,45.3,100,
BR,CT,4,CT1,MATRI,45.4,46.1,100,
BR,CT,4,CT1,VISTE,46.1,46.6,100,
BR,CT,4,CT1,VISTE,47,47.7,,
BR,CT,4,CT1,DAFOR,48.3,49,,
BR,CT,4,CT1,DAFOR,49.4,50,,
BR,CT,5,CT2,DAFOR,0,0.3,100,
BR,CT,5,CT2,VISTE,0.2,0.4,100,
BR,CT,5,CT2,DAFOR,0.7,1,100,
BR,CT,5,CT2,salalt,4.2,5.2,50,
BR,CT,5,CT2,OPCHI,4.91,6.29,100,
BR,CT,5,CT2,salalt,6.1,7,20,
BR,CT,5,CT2,RHMIC,9,10.3,,
BR,CT,5,CT2,EPTOR,11.1,11.8,10,
BR,CT,5,CT2,VISTE,11,11.4,100,
BR,CT,5,CT2,salalt,13.5,14,,
BR,CT,5,CT2,OPCHI,13.9,14.8,30,
BR,CT,5,CT2,HERB,13.8,13.9,,
BR,CT,5,CT2,EPTOR,15.7,16,90,
BR,CT,5,CT2,HERB,16.5,16.8,,
BR,CT,5,CT2,MIACU,17.6,17.9,100,
BR,CT,5,CT2,ACCON,18.8,18.7,,
BR,CT,5,CT2,HERB,18.8,18.9,,
BR,CT,5,CT2,RHMIC,19.8,20.2,100,
BR,CT,5,CT2,ACCON,20.5,21,10,
BR,CT,5,CT2,HERB,22.5,22.6,,
BR,CT,5,CT2,ACCON,23.2,23.5,50,
BR,CT,5,CT2,NOERU,24.5,25.7,,
BR,CT,5,CT2,OPCHI,25.4,26,,
BR,CT,5,CT2,HERB,27,28,,
BR,CT,5,CT2,DALEI,30,31.3,25,
BR,CT,5,CT2,JUPIN,31.5,38,10,
BR,CT,5,CT2,DAFOR,35.73,36.1,,
BR,CT,5,CT2,HERB,37.1,37.3,,
BR,CT,5,CT2,RHMIC,37.4,37.7,,
BR,CT,5,CT2,JUPIN,38.4,38.8,1,
BR,CT,5,CT2,MIACU,38.9,39.35,,
BR,CT,5,CT2,RHTRI,39.6,40,100,
BR,CT,5,CT2,MIACU,40.55,41,,
BR,CT,5,CT2,VISTE,41.9,41.44,100,
BR,CT,5,CT2,DAFOR,41.8,42.3,,
BR,CT,5,CT2,HERB,43.4,43.5,,
BR,CT,5,CT2,ACCON,44.5,45,,
BR,CT,5,CT2,HERB,45.7,47,,
BR,CT,5,CT2,ACCON,47.7,48,,
BR,CT,5,CT2,DALEI,48,49.5,25,
BR,CT,5,CT2,DAFOR,49.5,50,100,
C1,DT,1,DT1,HERB,0,0.5,,
C1,DT,1,DT1,sushai,1.2,1.6,100,
C1,DT,1,DT1,HERB,3.8,4.2,,
C1,DT,1,DT1,EPTOR,4.35,5,,
C1,DT,1,DT1,VISTE,4.7,5.2,100,
C1,DT,1,DT1,ACGRE,5.5,6.3,95,
C1,DT,1,DT1,VISTE,6.1,6.75,100,
C1,DT,1,DT1,HERB,8,8.5,,
C1,DT,1,DT1,HERB,12,12.6,,
C1,DT,1,DT1,HERB,16.2,16.3,,
C1,DT,1,DT1,HERB,21.6,22,,
C1,DT,1,DT1,HERB,24.1,24.4,,
C1,DT,1,DT1,HERB,28.7,29.1,,
C1,DT,1,DT1,VISTE,30.4,30.5,100,
C1,DT,1,DT1,HERB,33,33.6,,
C1,DT,1,DT1,ACGRE,33.5,34,95,
C1,DT,1,DT1,VISTE,36.75,37.2,100,
C1,DT,1,DT1,HERB,37,37.4,,
C1,DT,1,DT1,ACGRE,41.2,42,90,
C1,DT,1,DT1,VISTE,41.8,43.5,100,
C1,DT,1,DT1,HERB,44,45.8,,
C1,DT,1,DT1,VISTE,44.6,44.7,100,
C1,DT,1,DT1,legmin,46.5,46.8,100,
C1,DT,1,DT1,VISTE,47.8,48.4,100,
C1,DT,1,DT1,HERB,49,49.5,,
C1,DT,2,DT2,HERB,2.7,3,,
C1,DT,2,DT2,HERB,3.3,3.9,,
C1,DT,2,DT2,VISTE,3.4,3.95,100,
C1,DT,2,DT2,HERB,4.8,5.5,,
C1,DT,2,DT2,HERB,7.1,7.5,,
C1,DT,2,DT2,HERB,8.2,9.1,,
C1,DT,2,DT2,EPTOR,8.5,9.05,,
C1,DT,2,DT2,HERB,11,11.4,,
C1,DT,2,DT2,HERB,15,15.2,,
C1,DT,2,DT2,VISTE,15.5,16.2,100,
C1,DT,2,DT2,VISTE,16.8,17.6,100,
C1,DT,2,DT2,HERB,19.4,19.8,,
C1,DT,2,DT2,AGLEC,21,22,100,
C1,DT,2,DT2,ACGRE,21.2,21.9,100,
C1,DT,2,DT2,HERB,22.8,23,,
C1,DT,2,DT2,AGLEC,23.3,24.05,100,
C1,DT,2,DT2,HERB,24.7,25,,
C1,DT,2,DT2,AGLEC,24.95,25.7,100,
C1,DT,2,DT2,HERB,26,26.2,,
C1,DT,2,DT2,VISTE,27.25,28.5,100,
C1,DT,2,DT2,HERB,29.8,30.5,,
C1,DT,2,DT2,HERB,32.2,32.9,,
C1,DT,2,DT2,FERUP,35,36.8,80,
C1,DT,2,DT2,MATRI,35.5,36.4,90,
C1,DT,2,DT2,DITEX,37.8,37.95,0,in wash
C1,DT,2,DT2,HERB,39.8,41.2,,
C1,DT,2,DT2,EPTOR,41.3,42.6,0,in wash
C1,DT,2,DT2,DALEI,45.7,46.8,,
C1,DT,2,DT2,KOSPI,47.5,48,,
C1,DT,2,DT2,hailob,47.7,47.85,100,
C1,DT,2,DT2,GUANG,48.6,48.8,75,
C1,DT,2,DT2,hailob,49.3,49.6,100,
C1,DT,3,DT3,HERB,1.7,1.9,,
C1,DT,3,DT3,sushai,1.8,2,100,
C1,DT,3,DT3,HERB,4,4.2,,
C1,DT,3,DT3,OPAZU,6.1,6.8,100,
C1,DT,3,DT3,legmin,8.4,8.6,100,
C1,DT,3,DT3,HERB,10.2,10.4,,
C1,DT,3,DT3,legmin,10.75,11.05,100,
C1,DT,3,DT3,legmin,12,12.15,100,
C1,DT,3,DT3,legmin,12.3,12.45,100,
C1,DT,3,DT3,OPGRA,13.1,13.25,100,
C1,DT,3,DT3,HERB,13.3,13.7,,
C1,DT,3,DT3,legmin,13.5,13.7,100,
C1,DT,3,DT3,HERB,15.3,16,,
C1,DT,3,DT3,HERB,17,17.3,,
C1,DT,3,DT3,PRGLA,17.5,18.25,10,
C1,DT,3,DT3,HERB,18.5,21.1,,
C1,DT,3,DT3,HERB,22.2,23,,
C1,DT,3,DT3,HERB,25.6,26.3,,
C1,DT,3,DT3,HERB,28.4,29.2,,
C1,DT,3,DT3,legmin,30,30.3,100,
C1,DT,3,DT3,HERB,30.4,31,,
C1,DT,3,DT3,legmin,30.9,31.1,100,
C1,DT,3,DT3,OPDUL,31.1,31.9,100,
C1,DT,3,DT3,HERB,32,32.8,,
C1,DT,3,DT3,VISTE,34,34.1,100,
C1,DT,3,DT3,VISTE,34.8,35.1,100,
C1,DT,3,DT3,VISTE,35.5,36.3,100,
C1,DT,3,DT3,HERB,36.8,37.2,,
C1,DT,3,DT3,AGLEC,40.6,40.9,100,
C1,DT,3,DT3,VISTE,41,41.4,100,
C1,DT,3,DT3,OPDUL,41.1,41.4,100,
C1,DT,3,DT3,VISTE,41.8,41.9,100,
C1,DT,3,DT3,HERB,42.8,43.1,,
C1,DT,3,DT3,VISTE,43.15,43.7,100,
C1,DT,3,DT3,AGLEC,43.8,44,100,
C1,DT,3,DT3,ACGRE,45.8,47.1,100,
C1,DT,3,DT3,HERB,47,47.3,,
C1,DT,3,DT3,HERB,49.7,49.85,,
C1,BL,4,BL1,HERB,0.15,0.27,,
C1,BL,4,BL1,HERB,0.71,0.74,,
C1,BL,4,BL1,VISTE,1.05,1.52,100,
C1,BL,4,BL1,HERB,1.3,1.34,,
C1,BL,4,BL1,HERB,1.5,1.62,,
C1,BL,4,BL1,VISTE,1.8,1.91,100,
C1,BL,4,BL1,HERB,2.2,2.31,,
C1,BL,4,BL1,HERB,2.6,2.64,,
C1,BL,4,BL1,ACGRE,2.8,3.3,100,
C1,BL,4,BL1,HERB,3,3.15,,
C1,BL,4,BL1,VISTE,3.51,3.75,100,
C1,BL,4,BL1,VISTE,3.95,4.25,100,
C1,BL,4,BL1,thidea,4.65,5.05,100,
C1,BL,4,BL1,VISTE,5.1,5.25,100,
C1,BL,4,BL1,thidea,5.55,5.9,100,
C1,BL,4,BL1,DALEI,5.65,7.4,50,
C1,BL,4,BL1,FERUP,7.75,8.5,99,
C1,BL,4,BL1,ACGRE,8.5,8.92,10,
C1,BL,4,BL1,HERB,8.56,9,,
C1,BL,4,BL1,HERB,9.15,9.28,,
C1,BL,4,BL1,HERB,9.61,9.71,,
C1,BL,4,BL1,VISTE,10.3,10.8,100,
C1,BL,4,BL1,HERB,10.55,10.6,,
C1,BL,4,BL1,legmin,11.1,11.33,100,
C1,BL,4,BL1,HERB,11.73,11.88,,
C1,BL,4,BL1,HERB,12,12.07,,
C1,BL,4,BL1,VISTE,12.4,12.8,,
C1,BL,4,BL1,HERB,12.83,12.84,,
C1,BL,4,BL1,HERB,13.36,13.4,,
C1,BL,4,BL1,VISTE,13.55,14.1,,
C1,BL,4,BL1,HERB,14,14.05,,
C1,BL,4,BL1,HERB,14.18,14.24,,
C1,BL,4,BL1,HERB,15.18,15.29,,
C1,BL,4,BL1,AGLEC,15.35,15.77,100,
C1,BL,4,BL1,AGLEC,15.9,16.07,,
C1,BL,4,BL1,HERB,15.8,15.85,,
C1,BL,4,BL1,HERB,16.22,16.29,,
C1,BL,4,BL1,HERB,16.5,16.55,,
C1,BL,4,BL1,HERB,16.93,16.96,,
C1,BL,4,BL1,AGLEC,17.32,17.67,100,
C1,BL,4,BL1,AGLEC,17.65,18.15,100,
C1,BL,4,BL1,legmin,18.52,18.77,100,
C1,BL,4,BL1,legmin,19.83,20.15,100,
C1,BL,4,BL1,HERB,20.48,20.82,,
C1,BL,4,BL1,HERB,20.48,20.82,,
C1,BL,4,BL1,VISTE,21.23,21.26,100,
C1,BL,4,BL1,legmin,22.13,22.24,100,
C1,BL,4,BL1,HERB,22.12,22.22,,
C1,BL,4,BL1,HERB,22.38,22.41,,
C1,BL,4,BL1,HERB,22.57,22.63,,
C1,BL,4,BL1,sushai,23.2,23.6,100,
C1,BL,4,BL1,HERB,23.2,23.23,,
C1,BL,4,BL1,HERB,24.1,24.2,,
C1,BL,4,BL1,legmin,24.25,24.6,100,
C1,BL,4,BL1,HERB,25.25,25.36,,
C1,BL,4,BL1,legmin,26.81,27.17,100,
C1,BL,4,BL1,HERB,26.22,26.38,,
C1,BL,4,BL1,legmin,26.81,27.17,100,
C1,BL,4,BL1,HERB,27.03,27.13,,
C1,BL,4,BL1,HERB,27.58,27.65,,
C1,BL,4,BL1,HERB,27.93,28.06,,
C1,BL,4,BL1,legmin,28.2,28.45,100,
C1,BL,4,BL1,HERB,29.4,29.6,,
C1,BL,4,BL1,HERB,29.75,29.88,,
C1,BL,4,BL1,HERB,30.44,30.48,,
C1,BL,4,BL1,AGLEC,30.9,31.24,100,
C1,BL,4,BL1,LECAN,30.55,30.91,90,
C1,BL,4,BL1,VISTE,31.3,31.53,100,
C1,BL,4,BL1,AGLEC,32.75,33.85,95,
C1,BL,4,BL1,HERB,33.65,34.03,,
C1,BL,4,BL1,AGLEC,34.18,34.32,100,
C1,BL,4,BL1,VISTE,35.74,36.22,100,
C1,BL,4,BL1,AGLEC,36.1,37.5,100,
C1,BL,4,BL1,VISTE,36.5,37.1,100,
C1,BL,4,BL1,ACGRE,37.3,38.26,40,
C1,BL,4,BL1,HERB,38.24,38.32,,
C1,BL,4,BL1,HERB,38.76,38.81,,
C1,BL,4,BL1,HERB,39.87,39.94,,
C1,BL,4,BL1,HERB,40.44,40.47,,
C1,BL,4,BL1,HERB,41,41.07,,
C1,BL,4,BL1,LECAN,41.59,42.09,90,
C1,BL,4,BL1,HERB,42.55,42.6,,
C1,BL,4,BL1,HERB,42.7,42.8,,
C1,BL,4,BL1,HERB,43.04,43.15,,
C1,BL,4,BL1,HERB,43.85,43.9,,
C1,BL,4,BL1,HERB,44.6,45.2,,
C1,BL,4,BL1,DALEI,46.85,46.55,100,
C1,BL,4,BL1,VISTE,47.55,48.6,100,
C1,BL,4,BL1,HERB,47.7,47.8,,
C1,BL,4,BL1,VISTE,49,49.8,100,
C1,BL,5,BL2,HERB,0.52,0.69,,
C1,BL,5,BL2,HERB,1.4,1.43,,
C1,BL,5,BL2,HERB,1.8,1.88,,
C1,BL,5,BL2,HERB,2.3,2.38,,
C1,BL,5,BL2,HERB,2.97,3.09,,
C1,BL,5,BL2,HERB,4.1,4.15,,
C1,BL,5,BL2,HERB,4.45,4.7,,
C1,BL,5,BL2,legmin,4.95,6.94,100,
C1,BL,5,BL2,HERB,7.71,7.78,,
C1,BL,5,BL2,HERB,8.63,8.66,,
C1,BL,5,BL2,HERB,9.1,9.2,,
C1,BL,5,BL2,VISTE,11.3,11.85,100,
C1,BL,5,BL2,HERB,11.35,11.44,,
C1,BL,5,BL2,HERB,12.06,12.1,,
C1,BL,5,BL2,HERB,12.79,12.92,,
C1,BL,5,BL2,VISTE,13.8,14.1,100,
C1,BL,5,BL2,HERB,14.35,14.46,,
C1,BL,5,BL2,HERB,14.73,14.77,,
C1,BL,5,BL2,HERB,15.27,15.42,,
C1,BL,5,BL2,VISTE,15.27,15.7,100,
C1,BL,5,BL2,HERB,15.59,15.64,,
C1,BL,5,BL2,HERB,16.54,16.57,,
C1,BL,5,BL2,VISTE,16.7,17.2,100,
C1,BL,5,BL2,HERB,17.1,17.15,,
C1,BL,5,BL2,HERB,17.4,17.45,,
C1,BL,5,BL2,VISTE,17.6,17.9,,
C1,BL,5,BL2,EPTOR,18.3,18.5,0,
C1,BL,5,BL2,HERB,18.33,18.38,,
C1,BL,5,BL2,ACGRE,18.7,19.49,,
C1,BL,5,BL2,HERB,19.02,19.12,,
C1,BL,5,BL2,HERB,19.2,19.27,,
C1,BL,5,BL2,HERB,21.97,22.01,,
C1,BL,5,BL2,HERB,22.85,22.95,,
C1,BL,5,BL2,LECAN,23.3,23.88,50,
C1,BL,5,BL2,HERB,23.8,23.9,,
C1,BL,5,BL2,HERB,24.2,24.35,,
C1,BL,5,BL2,THDEL,24.49,25.13,100,
C1,BL,5,BL2,HERB,25.48,25.8,,
C1,BL,5,BL2,HERB,26.32,26.38,,
C1,BL,5,BL2,VISTE,26.09,26.75,,
C1,BL,5,BL2,HERB,27.1,27.25,,
C1,BL,5,BL2,ACGRE,27.24,28.27,90,
C1,BL,5,BL2,VISTE,28.8,29,100,
C1,BL,5,BL2,HERB,28.55,28.7,,
C1,BL,5,BL2,HERB,29.55,29.6,,
C1,BL,5,BL2,HERB,31.47,31.7,,
C1,BL,5,BL2,HERB,32.23,32.35,,
C1,BL,5,BL2,HERB,32.6,32.65,,
C1,BL,5,BL2,HERB,32.8,33.1,,
C1,BL,5,BL2,VISTE,32.7,33.4,100,
C1,BL,5,BL2,HERB,32.9,32.97,,
C1,BL,5,BL2,HERB,36.42,36.95,,
C1,BL,5,BL2,VISTE,36.6,36.85,100,
C1,BL,5,BL2,HERB,37.9,38.15,,
C1,BL,5,BL2,HERB,39.94,40.55,,
C1,BL,5,BL2,VISTE,41,41.65,100,
C1,BL,5,BL2,HERB,41.2,41.45,,
C1,BL,5,BL2,HERB,42.44,42.6,,
C1,BL,5,BL2,HERB,43.23,43.35,,
C1,BL,5,BL2,HERB,45.12,45.16,,
C1,BL,5,BL2,VISTE,46,46.5,100,
C1,BL,5,BL2,HERB,47.04,47.71,,
C1,BL,5,BL2,HERB,48.05,48.67,,
C1,BL,5,BL2,VISTE,48,48.3,100,
C1,BL,5,BL2,HERB,49.17,49.2,,
C1,BL,5,BL2,VISTE,49.3,50,100,
C1,BL,6,BL3,HERB,1.3,1.39,,
C1,BL,6,BL3,LECAN,3.4,3.68,100,
C1,BL,6,BL3,AGLEC,3.87,4.08,100,
C1,BL,6,BL3,AGLEC,4.15,4.48,100,
C1,BL,6,BL3,HERB,5.27,5.37,,
C1,BL,6,BL3,HERB,5.69,5.77,,
C1,BL,6,BL3,HERB,6.03,6.14,,
C1,BL,6,BL3,legmin,6.37,6.52,100,
C1,BL,6,BL3,HERB,6.8,6.88,,
C1,BL,6,BL3,AGLEC,7.2,7.55,100,
C1,BL,6,BL3,HERB,7.77,7.81,,
C1,BL,6,BL3,HERB,8.1,8.18,,
C1,BL,6,BL3,VISTE,8.65,9.72,100,
C1,BL,6,BL3,HERB,10,10.04,,
C1,BL,6,BL3,HERB,10.42,10.5,,
C1,BL,6,BL3,VISTE,10.8,11.1,100,RESPROUTS
C1,BL,6,BL3,HERB,11.03,11.07,,
C1,BL,6,BL3,DAFOR,13,13.5,50,
C1,BL,6,BL3,VISTE,13.2,13.97,100,
C1,BL,6,BL3,VISTE,13.8,14.22,100,
C1,BL,6,BL3,DALEI,14.15,15.2,0,
C1,BL,6,BL3,AGLEC,15.02,15.32,100,
C1,BL,6,BL3,HERB,15.32,15.5,,
C1,BL,6,BL3,legmin,15.74,16.07,15,
C1,BL,6,BL3,HERB,17.1,17.17,,
C1,BL,6,BL3,VISTE,18.15,18.72,100,
C1,BL,6,BL3,FERUP,18.6,20.1,0,
C1,BL,6,BL3,ACGRE,20.7,21.9,0,
C1,BL,6,BL3,DALEI,20.8,22.25,90,
C1,BL,6,BL3,HERB,22.95,23.21,,
C1,BL,6,BL3,AGLEC,24.2,24.7,100,
C1,BL,6,BL3,HERB,24.9,25.05,,
C1,BL,6,BL3,DALEI,25.5,26.15,95,
C1,BL,6,BL3,AGLEC,26.25,28,90,
C1,BL,6,BL3,VISTE,27.3,28.3,100,
C1,BL,6,BL3,FERUP,28.1,29.2,0,
C1,BL,6,BL3,ACGRE,29.3,30,50,
C1,BL,6,BL3,AGLEC,30.55,30.8,100,
C1,BL,6,BL3,HERB,30,30.1,,
C1,BL,6,BL3,AGLEC,31.3,31.45,100,
C1,BL,6,BL3,legmin,31.35,31.65,100,
C1,BL,6,BL3,AGLEC,31.8,31.92,100,
C1,BL,6,BL3,AGLEC,32.37,32.57,100,
C1,BL,6,BL3,VISTE,32.8,33.6,100,
C1,BL,6,BL3,ACGRE,33.6,34.85,50,
C1,BL,6,BL3,HERB,33.35,33.5,,
C1,BL,6,BL3,VISTE,35.85,36.35,100,
C1,BL,6,BL3,DALEI,36.4,37.5,95,
C1,BL,6,BL3,VISTE,38,38.54,100,
C1,BL,6,BL3,VISTE,40.2,40.6,100,
C1,BL,6,BL3,DALEI,40.8,41.65,90,
C1,BL,6,BL3,VISTE,38.9,41.4,100,
C1,BL,6,BL3,DALEI,41.7,43.3,95,
C1,BL,6,BL3,VISTE,43.5,44.1,100,
C1,BL,6,BL3,OPDUL,43.66,44.84,95,
C1,BL,6,BL3,VISTE,45.2,45.6,100,
C1,BL,6,BL3,HERB,44.8,45.02,,
C1,BL,6,BL3,HERB,46.1,46.2,,
C1,BL,6,BL3,LECAN,46.1,46.63,100,
C1,BL,6,BL3,LECAN,46.7,47.5,100,
C1,BL,6,BL3,HERB,48.03,48.18,,
C1,BL,6,BL3,VISTE,48.3,48.66,100,
C1,BL,6,BL3,sushai,48.7,49.2,100,
C1,BL,6,BL3,VISTE,49.55,50,100,
C2,DT,1,DT1,JADIO,0.1,1.15,40,
C2,DT,1,DT1,LATRI,1.2,1.8,20,
C2,DT,1,DT1,OPAZU,2,2.5,100,
C2,DT,1,DT1,HERB,3,3.8,,
C2,DT,1,DT1,JADIO,5.8,6.6,50,
C2,DT,1,DT1,HERB,6.7,7.1,,
C2,DT,1,DT1,AGLEC,7.3,7.8,60,
C2,DT,1,DT1,JADIO,8.5,8.52,50,
C2,DT,1,DT1,HERB,10,10.4,,
C2,DT,1,DT1,JADIO,12.4,13.05,50,
C2,DT,1,DT1,OPDUL,12.8,12.85,90,
C2,DT,1,DT1,LATRI,14.4,15.3,10,
C2,DT,1,DT1,HERB,15.4,16.2,,
C2,DT,1,DT1,JADIO,15.2,15.5,,
C2,DT,1,DT1,JADIO,16,16.2,50,
C2,DT,1,DT1,HERB,17.8,18.1,,
C2,DT,1,DT1,OPAZU,18.5,18.55,90,
C2,DT,1,DT1,LECAN,18.7,19.1,40,
C2,DT,1,DT1,HERB,19.3,20,,
C2,DT,1,DT1,PRGLA,20.3,22.25,5,
C2,DT,1,DT1,AGLEC,22.3,22.4,,
C2,DT,1,DT1,HERB,24,24.3,,
C2,DT,1,DT1,JADIO,26.2,27.3,,
C2,DT,1,DT1,HERB,27.6,28,,
C2,DT,1,DT1,OPAZU,28.1,28.4,,
C2,DT,1,DT1,JADIO,29.3,30.25,5,
C2,DT,1,DT1,JADIO,30.6,30.5,40,
C2,DT,1,DT1,HERB,32.4,32.8,,
C2,DT,1,DT1,fuzbal,35.7,36.2,5,
C2,DT,1,DT1,HERB,37.8,38.1,,
C2,DT,1,DT1,JADIO,38.1,39,,
C2,DT,1,DT1,HERB,40.1,41.5,,
C2,DT,1,DT1,LATRI,42,42.05,50,
C2,DT,1,DT1,HERB,45,45.2,,
C2,DT,1,DT1,LATRI,46.3,47,40,
C2,DT,1,DT1,AGLEC,47.4,48.1,100,
C2,DT,1,DT1,HERB,48.3,48.9,,
C2,DT,2,DT2,LATRI,1.9,2.8,95,
C2,DT,2,DT2,KRGRA,3.65,3.75,100,
C2,DT,2,DT2,LATRI,7.9,8,10,
C2,DT,2,DT2,LATRI,10.85,11.15,5,
C2,DT,2,DT2,LATRI,14.5,15.05,5,
C2,DT,2,DT2,LATRI,16.2,17.4,60,
C2,DT,2,DT2,AGLEC,16.6,16.7,100,
C2,DT,2,DT2,JADIO,16.75,16.76,30,
C2,DT,2,DT2,LATRI,18.6,19.4,5,
C2,DT,2,DT2,LATRI,20.05,20.2,100,
C2,DT,2,DT2,LATRI,21.3,21.95,100,
C2,DT,2,DT2,fuzbal,24.3,24.45,100,
C2,DT,2,DT2,LATRI,28.4,28.8,100,
C2,DT,2,DT2,FOSPL,31.5,32.9,,
C2,DT,2,DT2,LECAN,34.1,34.5,100,
C2,DT,2,DT2,OPLEP,34.7,35,,
C2,DT,2,DT2,JADIO,36.1,36.15,50,
C2,DT,2,DT2,HERB,37.3,37.5,,
C2,DT,2,DT2,JADIO,36.3,36.5,,
C2,DT,2,DT2,HERB,36.45,36.9,,
C2,DT,2,DT2,HERB,41.4,42,,
C2,DT,2,DT2,JADIO,41.6,42.1,5,
C2,DT,2,DT2,LECAN,41.7,42.3,,
C2,DT,2,DT2,HERB,42.9,43.8,,
C2,DT,2,DT2,JADIO,44.3,45,20,
C2,DT,2,DT2,YUTOR,45.7,46.3,,
C2,DT,2,DT2,HERB,47,47.5,,
C2,DT,2,DT2,HERB,49.6,50,,
C2,DT,3,DT3,LATRI,18.7,20.2,5,
C2,DT,3,DT3,OPAZU,21.7,22.25,90,
C2,DT,3,DT3,HERB,22.6,25.3,,
C2,DT,3,DT3,JADIO,24.2,25.4,5,
C2,DT,3,DT3,OPAZU,26.1,26.3,90,
C2,DT,3,DT3,KRGRA,26.2,26.9,100,
C2,DT,3,DT3,OPAZU,27.6,29,90,
C2,DT,3,DT3,JADIO,31.1,32.4,,
C2,DT,3,DT3,JADIO,33.6,34.8,,
C2,DT,3,DT3,HERB,35.4,35.8,,
C2,DT,3,DT3,OPAZU,35.85,36.4,,
C2,DT,3,DT3,AGLEC,36.9,37.05,100,
C2,DT,3,DT3,HERB,37.8,38.85,,
C2,DT,3,DT3,JADIO,37.9,38.7,10,
C2,DT,3,DT3,HERB,42.6,43,,
C2,DT,3,DT3,giast,43.3,44,,
C2,DT,3,DT3,AGLEC,46.3,46.9,10,
C2,DT,3,DT3,HERB,47.5,47.8,,
C2,DT,3,DT3,LECAN,47.85,47.9,100,
C2,DT,3,DT3,HERB,49.7,50,,
C2,BL,4,BL1,JADIO,0.4,0.62,100,
C2,BL,4,BL1,JADIO,1.03,2.05,90,
C2,BL,4,BL1,fuzbal,1.42,1.9,100,
C2,BL,4,BL1,HERB,2.9,3.1,,
C2,BL,4,BL1,HERB,3.1,3.14,,
C2,BL,4,BL1,HERB,3.34,3.5,,
C2,BL,4,BL1,HERB,3.78,3.9,,
C2,BL,4,BL1,HERB,6.23,6.25,,
C2,BL,4,BL1,JADIO,7.7,8.8,95,
C2,BL,4,BL1,HERB,10.55,10.61,,
C2,BL,4,BL1,LATRI,12.55,13.8,100,
C2,BL,4,BL1,JADIO,15.35,17.7,90,
C2,BL,4,BL1,JADIO,19.6,20.9,95,
C2,BL,4,BL1,JADIO,20.15,21.15,50,
C2,BL,4,BL1,HERB,22.03,22.12,,
C2,BL,4,BL1,HERB,22.62,22.68,,
C2,BL,4,BL1,fuzbal,24.4,24.82,100,
C2,BL,4,BL1,JADIO,25.4,26.15,50,
C2,BL,4,BL1,HERB,28.3,28.4,,
C2,BL,4,BL1,HERB,30.2,30.33,,
C2,BL,4,BL1,JADIO,30.73,31.15,15,
C2,BL,4,BL1,LATRI,32.75,33.55,100,
C2,BL,4,BL1,LATRI,32.75,33.55,100,
C2,BL,4,BL1,LATRI,39.2,40.15,90,
C2,BL,4,BL1,JADIO,39.2,40.6,60,
C2,BL,4,BL1,LATRI,42.8,43.6,100,
C2,BL,4,BL1,JADIO,46.46,46.63,100,
C2,BL,4,BL1,LATRI,47.9,48.7,100,
C2,BL,5,BL2,JADIO,2.25,3.36,95,
C2,BL,5,BL2,LATRI,4.46,5.33,10,
C2,BL,5,BL2,HERB,4.56,4.73,,
C2,BL,5,BL2,JADIO,6,6.38,40,
C2,BL,5,BL2,LATRI,6.5,6.88,100,
C2,BL,5,BL2,FOSPL,6.45,7.1,,
C2,BL,5,BL2,HERB,6.85,6.9,,
C2,BL,5,BL2,HERB,7.58,7.62,,
C2,BL,5,BL2,HERB,9.7,10.03,,
C2,BL,5,BL2,HERB,10.55,10.7,,
C2,BL,5,BL2,JADIO,11,11.97,90,
C2,BL,5,BL2,HERB,12,12.15,,
C2,BL,5,BL2,HERB,12.29,12.47,,
C2,BL,5,BL2,AGLEC,12.55,12.91,100,
C2,BL,5,BL2,JADIO,13.7,15.25,50,
C2,BL,5,BL2,HERB,15.2,15.33,,
C2,BL,5,BL2,HERB,19.2,19.25,,
C2,BL,5,BL2,JADIO,19.75,20.6,100,
C2,BL,5,BL2,HERB,20.95,21,,
C2,BL,5,BL2,HERB,21.46,21.52,,
C2,BL,5,BL2,HERB,22.1,22.2,,
C2,BL,5,BL2,HERB,23.25,23.35,,
C2,BL,5,BL2,LATRI,23.4,24,0,
C2,BL,5,BL2,LATRI,25.4,26.07,5,
C2,BL,5,BL2,HERB,26.28,26.33,,
C2,BL,5,BL2,HERB,26.9,27.03,,
C2,BL,5,BL2,LECAN,26.8,27.2,100,
C2,BL,5,BL2,HERB,26.95,27.03,,
C2,BL,5,BL2,OPAZU,27.85,28.3,,
C2,BL,5,BL2,HERB,28.6,28.8,,
C2,BL,5,BL2,HERB,29.13,29.2,,
C2,BL,5,BL2,HERB,29.47,29.55,,
C2,BL,5,BL2,HERB,29.7,29.85,,
C2,BL,5,BL2,HERB,30.95,31.03,,
C2,BL,5,BL2,HERB,31.45,31.52,,
C2,BL,5,BL2,HERB,32.56,32.61,,
C2,BL,5,BL2,HERB,33,33.13,,
C2,BL,5,BL2,LATRI,33.25,35.52,0,
C2,BL,5,BL2,FOSPL,33.4,34.75,,
C2,BL,5,BL2,OPAZU,33.82,35.1,,
C2,BL,5,BL2,JADIO,34.2,35.6,20,
C2,BL,5,BL2,HERB,35.05,35.37,,
C2,BL,5,BL2,HERB,35.65,35.75,,
C2,BL,5,BL2,HERB,36.24,36.4,,
C2,BL,5,BL2,HERB,36.62,36.95,,
C2,BL,5,BL2,HERB,37.65,37.73,,
C2,BL,5,BL2,HERB,38.36,38.41,,
C2,BL,5,BL2,HERB,38.9,38.96,,
C2,BL,5,BL2,HERB,40.08,40.17,,
C2,BL,5,BL2,LATRI,41.55,42.52,0,
C2,BL,5,BL2,JADIO,44.4,45.9,20,
C2,BL,5,BL2,JADIO,47.55,48.55,10,
C2,BL,5,BL2,LATRI,47.65,48.55,20,
C2,BL,5,BL2,HERB,49.23,49.3,,
C2,BL,6,BL3,LATRI,0,1.1,100,
C2,BL,6,BL3,LATRI,2.2,2.6,100,
C2,BL,6,BL3,LATRI,3.55,4.8,100,
C2,BL,6,BL3,AGLEC,3.62,3.67,100,
C2,BL,6,BL3,AGLEC,3.7,3.99,50,
C2,BL,6,BL3,AGLEC,4.35,4.65,100,
C2,BL,6,BL3,AGLEC,5,5.65,100,
C2,BL,6,BL3,OPAZU,4.75,5.8,100,
C2,BL,6,BL3,LATRI,8.55,9.65,5,
C2,BL,6,BL3,JADIO,9,9.75,20,
C2,BL,6,BL3,LATRI,9.95,10.7,0,
C2,BL,6,BL3,JADIO,10,10.65,100,
C2,BL,6,BL3,LECAN,14.7,14.9,100,
C2,BL,6,BL3,giast,15.1,16.25,100,
C2,BL,6,BL3,LATRI,17.8,18.3,0,
C2,BL,6,BL3,HERB,18.17,18.3,,
C2,BL,6,BL3,HERB,20.08,20.16,,
C2,BL,6,BL3,HERB,20.6,20.68,,
C2,BL,6,BL3,HERB,20.9,20.95,,
C2,BL,6,BL3,AGLEC,22.65,23.15,100,
C2,BL,6,BL3,HERB,24.68,24.81,,
C2,BL,6,BL3,LATRI,25.4,26.75,0,
C2,BL,6,BL3,sushai,27.03,27.08,100,
C2,BL,6,BL3,sushai,27.54,27.61,100,
C2,BL,6,BL3,LATRI,28.9,30.8,30,
C2,BL,6,BL3,JADIO,29.2,31.1,50,
C2,BL,6,BL3,vine,29.65,30.1,100,
C2,BL,6,BL3,LATRI,31.05,32.2,5,
C2,BL,6,BL3,JADIO,32.5,33.45,50,
C2,BL,6,BL3,LATRI,34.9,35.5,90,
C2,BL,6,BL3,JADIO,34.8,35.6,50,
C2,BL,6,BL3,HERB,35.6,35.64,,
C2,BL,6,BL3,AGLEC,36.16,36.83,95,
C2,BL,6,BL3,HERB,38.4,38.5,,
C2,BL,6,BL3,HERB,38.78,38.82,,
C2,BL,6,BL3,JADIO,39.09,39.84,95,
C2,BL,6,BL3,HERB,40.55,40.6,,
C2,BL,6,BL3,HERB,40.95,41.03,,
C2,BL,6,BL3,JADIO,42.8,44,80,
C2,BL,6,BL3,JADIO,43.85,44.7,80,
C2,BL,6,BL3,JADIO,46.8,47.6,80,
C2,BL,7,BL4,HERB,0.2,0.25,,
C2,BL,7,BL4,HERB,0.38,0.53,,
C2,BL,7,BL4,HERB,0.72,1.23,,
C2,BL,7,BL4,JADIO,0.8,1.5,5,
C2,BL,7,BL4,KRGRA,2.5,2.8,,
C2,BL,7,BL4,HERB,3.08,3.2,,
C2,BL,7,BL4,HERB,3.37,3.43,,
C2,BL,7,BL4,HERB,3.52,3.54,,
C2,BL,7,BL4,HERB,4.7,4.9,,
C2,BL,7,BL4,HERB,5.12,5.17,,
C2,BL,7,BL4,JADIO,5.2,5.9,5,
C2,BL,7,BL4,AGLEC,6.5,6.68,100,
C2,BL,7,BL4,HERB,7.43,7.52,,
C2,BL,7,BL4,LECAN,7.1,7.55,90,
C2,BL,7,BL4,HERB,9.1,9.37,,
C2,BL,7,BL4,JADIO,9.55,10.3,30,
C2,BL,7,BL4,GUANG,10.2,10.6,25,
C2,BL,7,BL4,HERB,11.8,11.92,,
C2,BL,7,BL4,KRGRA,12.7,14.1,10,
C2,BL,7,BL4,HERB,14.05,15.11,,
C2,BL,7,BL4,HERB,14.06,14.14,,
C2,BL,7,BL4,HERB,15.55,15.6,,
C2,BL,7,BL4,HERB,16.38,16.45,,
C2,BL,7,BL4,HERB,17,17.11,,
C2,BL,7,BL4,PRGLA,17.4,17.9,,
C2,BL,7,BL4,HERB,17.9,18,,
C2,BL,7,BL4,AGLEC,18.15,18.5,100,
C2,BL,7,BL4,AGLEC,19.35,19.5,95,
C2,BL,7,BL4,AGLEC,20.6,21,50,
C2,BL,7,BL4,vine,20.6,21.12,100,
C2,BL,7,BL4,AGLEC,20.95,21.12,90,
C2,BL,7,BL4,LECAN,21.45,22.28,100,
C2,BL,7,BL4,LATRI,22.65,24.05,90,
C2,BL,7,BL4,JADIO,22.6,24.05,,
C2,BL,7,BL4,LATRI,26.5,27.15,15,
C2,BL,7,BL4,JADIO,30.55,31.85,30,
C2,BL,7,BL4,fuzbal,30.9,31.42,100,
C2,BL,7,BL4,LATRI,34.83,35.87,10,
C2,BL,7,BL4,LATRI,36.6,37.15,10,
C2,BL,7,BL4,OPLEP,36.7,37.15,90,
C2,BL,7,BL4,JADIO,37.9,38.5,80,
C2,BL,7,BL4,LATRI,38,38.9,100,
C2,BL,7,BL4,HERB,40.3,40.37,,
C2,BL,7,BL4,HERB,40.79,40.83,,
C2,BL,7,BL4,HERB,41.75,41.8,,
C2,BL,7,BL4,HERB,42.1,42.18,,
C2,BL,7,BL4,ACNEO,42.9,43.6,40,
C2,BL,7,BL4,AGLEC,44.9,45.65,98,
C2,BL,7,BL4,JADIO,45.1,46.35,40,
C2,BL,7,BL4,AGLEC,46.2,46.3,100,
C2,BL,7,BL4,AGLEC,46.63,47.09,95,
C2,BL,7,BL4,JADIO,46.5,46.95,10,
C2,BL,7,BL4,AGLEC,47.45,47.64,100,
C2,BL,7,BL4,JADIO,48.6,48.9,100,
C2,BL,7,BL4,AGLEC,49,49.25,98,
C2,BL,7,BL4,fuzbal,48.6,49.3,100,
C2,CT,8,CT1,HERB,0,5.5,,
C2,CT,8,CT1,DALEI,6.9,7.9,100,
C2,CT,8,CT1,HERB,8.8,9,,
C2,CT,8,CT1,JADIO,9.9,10.8,70,
C2,CT,8,CT1,ACNEO,10.4,10.9,10,
C2,CT,8,CT1,HERB,12,12.3,,
C2,CT,8,CT1,JADIO,13.7,14.5,10,
C2,CT,8,CT1,AGLEC,14.3,14.7,100,
C2,CT,8,CT1,AGLEC,15.9,16.6,100,
C2,CT,8,CT1,JADIO,17.8,18.6,90,
C2,CT,8,CT1,FOSPL,20.6,21.5,,
C2,CT,8,CT1,JADIO,21.5,21.9,95,
C2,CT,8,CT1,HERB,23.6,24,,
C2,CT,8,CT1,ACNEO,28.4,30,,
C2,CT,8,CT1,JADIO,29.3,30.25,,
C2,CT,8,CT1,ACNEO,30.7,30.9,,
C2,CT,8,CT1,HERB,31.6,32.9,,
C2,CT,8,CT1,AGLEC,33.9,35.1,100,
C2,CT,8,CT1,ACNEO,35.9,36.4,,
C2,CT,8,CT1,JADIO,36.4,36.6,,
C2,CT,8,CT1,JADIO,40.8,41,100,
C2,CT,8,CT1,JADIO,43.7,44.4,90,
C2,CT,8,CT1,JADIO,46.5,47.5,,
C2,CT,8,CT1,AGLEC,46.5,47.5,99,
C2,CT,8,CT1,ECDAS,49.7,49.78,100,
C2,CT,9,CT2,AGLEC,0,0.4,98,
C2,CT,9,CT2,HERB,0.7,1.3,,
C2,CT,9,CT2,JADIO,2.3,2.4,,
C2,CT,9,CT2,HERB,3,3.5,,
C2,CT,9,CT2,AGLEC,5,5.4,100,
C2,CT,9,CT2,YUTOR,5.6,7.4,100,
C2,CT,9,CT2,JADIO,7.5,7.9,50,
C2,CT,9,CT2,HERB,12.3,13.2,,
C2,CT,9,CT2,AGLEC,13.4,13.5,90,
C2,CT,9,CT2,HERB,17,17.6,,
C2,CT,9,CT2,JADIO,18.6,19,20,
C2,CT,9,CT2,OPDUL,19.2,19.6,100,
C2,CT,9,CT2,HERB,19.6,22.3,,
C2,CT,9,CT2,AGLEC,22.7,23.1,100,
C2,CT,9,CT2,AGLEC,24.3,25.3,100,
C2,CT,9,CT2,AGLEC,26.3,26.7,100,
C2,CT,9,CT2,fuzbal,28.7,29.1,,
C2,CT,9,CT2,AGLEC,33.5,34.1,,
C2,CT,9,CT2,LECAN,37.8,37.9,80,
C2,CT,9,CT2,fuzbal,43.1,43.5,20,
C2,CT,9,CT2,JADIO,45.2,45.4,100,
C2,CT,9,CT2,AGLEC,44.9,45,100,
C2,CT,9,CT2,HERB,48,49,,
C2,CT,10,CT3,HERB,0.3,0.5,,
C2,CT,10,CT3,JADIO,3.7,3.9,100,
C2,CT,10,CT3,JADIO,6,6.8,10,
C2,CT,10,CT3,AGLEC,6.2,6.5,95,
C2,CT,10,CT3,AGLEC,9.75,9.85,100,
C2,CT,10,CT3,HERB,15,17,,
C2,CT,10,CT3,ACNEO,19.5,21.3,50,
C2,CT,10,CT3,OPDUL,22,24,45,
C2,CT,10,CT3,AGLEC,25.5,27.5,100,
C2,CT,10,CT3,AGLEC,29,30.4,100,
C2,CT,10,CT3,LECAN,30.5,31.4,,
C2,CT,10,CT3,AGLEC,32.5,33.5,100,
C2,CT,10,CT3,JADIO,33.6,34.5,58,
C2,CT,10,CT3,AGLEC,34.5,35,100,
C2,CT,10,CT3,OPDUL,37.3,38.5,50,
C2,CT,10,CT3,fuzbal,39.9,40.3,30,
C2,CT,10,CT3,AGLEC,41.1,41.65,100,
C2,CT,10,CT3,HERB,45,47,,
C2,CT,10,CT3,JADIO,47.9,48.2,95,
C2,CT,10,CT3,OPLEP,49.9,50,,
C3,DT,1,DT1,LATRI,0,2.2,100,
C3,DT,1,DT1,LATRI,10.9,11.4,50,
C3,DT,1,DT1,oppgreen,11.7,11.95,,
C3,DT,1,DT1,LATRI,12,13.4,10,
C3,DT,1,DT1,KRGRA,13.5,14,,
C3,DT,1,DT1,HERB,14,14.5,,
C3,DT,1,DT1,oppgreen,14.9,15.2,100,
C3,DT,1,DT1,HERB,15.4,15.7,,
C3,DT,1,DT1,oppgreen,16.2,16.3,100,
C3,DT,1,DT1,OPAZU,16.4,16.5,,
C3,DT,1,DT1,oppgreen,17,17.1,100,
C3,DT,1,DT1,HERB,17.1,17.9,,
C3,DT,1,DT1,oppgreen,18.7,19,100,
C3,DT,1,DT1,LATRI,19.1,20.8,40,
C3,DT,1,DT1,LATRI,24.1,24.7,100,
C3,DT,1,DT1,LATRI,26.2,27.5,100,
C3,DT,1,DT1,HERB,34.6,34.8,,
C3,DT,1,DT1,LATRI,37.9,38.4,100,
C3,DT,1,DT1,LATRI,38.8,40.1,85,
C3,DT,1,DT1,LATRI,43,44.5,100,
C3,DT,1,DT1,HERB,45.7,45.9,,
C3,DT,1,DT1,oppgreen,46.2,46.4,100,
C3,DT,1,DT1,HERB,47,50,,
C3,DT,1,DT1,LATRI,47.1,48,5,
C3,DT,1,DT1,KRGRA,49.2,50,,
C3,BL,2,BL1,LATRI,0,0.11,100,
C3,BL,2,BL1,LATRI,2.8,3.9,100,
C3,BL,2,BL1,KRGRA,3.4,3.95,100,
C3,BL,2,BL1,LATRI,7.05,7.85,100,
C3,BL,2,BL1,HERB,7.75,7.9,,
C3,BL,2,BL1,LATRI,7.75,8.65,100,
C3,BL,2,BL1,LATRI,11,11.9,100,
C3,BL,2,BL1,KRGRA,11.7,11.98,100,
C3,BL,2,BL1,LATRI,12.4,13.1,100,
C3,BL,2,BL1,KRGRA,15.35,15.55,100,
C3,BL,2,BL1,LATRI,16.25,17.75,100,
C3,BL,2,BL1,LATRI,20.85,21.9,100,
C3,BL,2,BL1,LATRI,31.2,32.3,100,
C3,BL,2,BL1,SEPIL,34.2,34.46,100,
C3,BL,2,BL1,HERB,35.4,35.42,100,
C3,BL,2,BL1,HERB,37.8,38.02,100,
C3,BL,2,BL1,HERB,38.08,38.21,,
C3,BL,2,BL1,HERB,38.45,39.01,,
C3,BL,2,BL1,HERB,40,40.32,,
C3,BL,2,BL1,LATRI,40.5,41.2,100,
C3,BL,2,BL1,KRGRA,41,41.45,100,
C3,BL,2,BL1,LATRI,41.8,43,100,
C3,BL,2,BL1,LATRI,48,49.35,100,
C3,BL,3,BL2,LATRI,0,1.75,100,
C3,BL,3,BL2,KRGRA,2.75,3.35,100,
C3,BL,3,BL2,LATRI,3.2,4.2,98,
C3,BL,3,BL2,KRGRA,5.43,5.62,100,
C3,BL,3,BL2,LATRI,6.6,7.84,100,
C3,BL,3,BL2,LATRI,11.2,12.85,100,
C3,BL,3,BL2,LATRI,12.55,13.55,100,
C3,BL,3,BL2,KRGRA,12.7,13.65,100,
C3,BL,3,BL2,LATRI,15.8,17.05,100,
C3,BL,3,BL2,LATRI,17.2,18.35,100,
C3,BL,3,BL2,LATRI,21.55,22.8,100,
C3,BL,3,BL2,HERB,24.1,24.25,100,
C3,BL,3,BL2,LATRI,25.8,27.5,100,
C3,BL,3,BL2,FOSPL,27.2,27.6,0,
C3,BL,3,BL2,LATRI,29.75,30.8,100,
C3,BL,3,BL2,LATRI,31.15,32.15,100,
C3,BL,3,BL2,LATRI,36.3,37.5,100,
C3,BL,3,BL2,LATRI,39,39.9,100,
C3,BL,3,BL2,LATRI,40.35,41.6,100,
C3,BL,3,BL2,LATRI,42.2,43.4,100,
C3,BL,3,BL2,LATRI,43.5,44.8,100,
C3,BL,3,BL2,LATRI,49.25,50,100,
C3,BL,4,BL3,LATRI,0.4,2.1,100,
C3,BL,4,BL3,HERB,3.2,3.8,,
C3,BL,4,BL3,HERB,4.7,7.75,,
C3,BL,4,BL3,LATRI,6.8,7.95,100,
C3,BL,4,BL3,LATRI,6.8,7.95,100,
C3,BL,4,BL3,KRGRA,14.9,15.7,100,
C3,BL,4,BL3,HERB,21.1,21.9,,
C3,BL,4,BL3,HERB,22.3,22.8,,
C3,BL,4,BL3,HERB,23.1,23.8,,
C3,BL,4,BL3,HERB,24.2,24.8,,
C3,BL,4,BL3,HERB,25.1,25.6,,
C3,BL,4,BL3,HERB,26,26.25,,
C3,BL,4,BL3,LATRI,25.5,26.6,100,
C3,BL,4,BL3,LATRI,26,27.4,100,
C3,BL,4,BL3,HERB,26.65,26.75,,
C3,BL,4,BL3,HERB,29,29.1,,
C3,BL,4,BL3,LATRI,33,34.3,100,
C3,BL,4,BL3,HERB,38.85,39,,
C3,BL,4,BL3,HERB,38.82,39,,
C3,BL,4,BL3,LATRI,39.5,40.5,,
C3,BL,4,BL3,FOSPL,40.4,41.5,,
C3,BL,4,BL3,SEPIL,42.8,42.95,100,
C3,BL,4,BL3,KRGRA,43.1,43.9,100,
C3,BL,4,BL3,HERB,43.6,43.9,,
C3,BL,4,BL3,HERB,45.1,45.18,,
C3,BL,4,BL3,LATRI,46.5,47.8,100,
C3,BL,4,BL3,HERB,48.15,48.35,,
C3,BL,5,BL4,LATRI,0,1.3,0,
C3,BL,5,BL4,LATRI,20.7,21.7,98,
C3,BL,5,BL4,LATRI,25,26.1,85,
C3,BL,5,BL4,HERB,30.1,30.4,,
C3,BL,5,BL4,HERB,31,31.62,,
C3,BL,5,BL4,HERB,32,35.4,,
C3,BL,5,BL4,croton,32.6,33.2,,
C3,BL,5,BL4,LATRI,33.9,35,30,
C3,BL,5,BL4,LATRI,37.5,38.6,100,
C3,BL,5,BL4,LATRI,42.1,43.25,100,
C3,BL,6,BL5,HERB,0.58,0.7,,
C3,BL,6,BL5,LATRI,2.4,4,50,
C3,BL,6,BL5,HERB,3.57,4.3,,
C3,BL,6,BL5,LATRI,7.5,9,95,
C3,BL,6,BL5,LATRI,8.9,10.2,95,
C3,BL,6,BL5,FOSPL,11,12.4,,
C3,BL,6,BL5,LATRI,14.4,14.9,100,
C3,BL,6,BL5,LATRI,28,30.7,98,
C3,BL,6,BL5,LATRI,31.95,33.3,100,
C3,BL,6,BL5,oppgreen,32,33.3,100,
C3,BL,6,BL5,OPAZU,32.7,33.4,100,
C3,BL,6,BL5,LATRI,34,34.71,100,
C3,CT,7,CT1,LATRI,0,0.6,100,
C3,CT,7,CT1,oppwoo,3.2,4,,
C3,CT,7,CT1,LATRI,26.6,27.02,100,
C3,CT,7,CT1,LATRI,32.8,33.64,100,
C3,CT,7,CT1,LATRI,38,38.6,100,
C3,CT,7,CT1,LATRI,46.5,47.5,100,
C3,CT,8,CT2,FOSPL,0,0.5,5,
C3,CT,8,CT2,LATRI,4,5,98,
C3,CT,8,CT2,LATRI,6.7,7.4,40,
C3,CT,8,CT2,KRGRA,12.9,13.5,100,
C3,CT,8,CT2,LATRI,19,20,99,
C3,CT,8,CT2,LATRI,24.1,25.6,90,
C3,CT,8,CT2,OPAZU,24.5,24.6,,
C3,CT,8,CT2,LATRI,27.9,28.9,100,
C3,CT,8,CT2,KRGRA,32.1,32.65,,
C3,CT,9,CT3,LATRI,13.4,14.4,100,
C3,CT,9,CT3,LATRI,16.2,17.2,100,
C3,CT,9,CT3,LATRI,22.5,23.2,100,
C3,CT,9,CT3,LATRI,35.6,36.5,100,
C3,CT,9,CT3,LATRI,39.3,40.7,100,
C3,CT,9,CT3,LATRI,43.6,44.2,100,
C3,CT,9,CT3,LATRI,45.7,47.3,100,
C3,CT,9,CT3,LATRI,47.8,49.1,100,
C3,CT,10,CT4,HERB,3.4,3.8,,
C3,CT,10,CT4,LATRI,13.5,14.3,100,
C3,CT,10,CT4,LATRI,16.9,17.7,100,
C3,CT,10,CT4,LATRI,38.6,39.5,100,
C3,CT,10,CT4,FOSPL,42.1,43,,juvenile
C3,CT,10,CT4,OPAZU,42.9,43.4,40,
C3,CT,10,CT4,HERB,44.9,45.1,,
C3,CT,10,CT4,LATRI,47.2,48.7,100,
C3,CT,10,CT4,oppgreen,49.2,49.7,100,
C3,CT,11,CT5,HERB,0.4,0.7,,
C3,CT,11,CT5,KRGRA,5.2,5.5,100,
C3,CT,11,CT5,HERB,9.4,9.6,,
C3,CT,11,CT5,LATRI,13.1,14,100,
C3,CT,11,CT5,FOSPL,39.3,40.4,90,
C3,CT,11,CT5,LATRI,42.3,43.4,100,
C3,CT,11,CT5,LATRI,44.3,46.7,80,
C3,CT,11,CT5,JADIO,45.9,46.1,,
C3,CT,12,CT6,LATRI,16.8,17.6,100,
C3,CT,12,CT6,LATRI,21.7,23,100,
C3,CT,12,CT6,LATRI,28.1,29.55,100,
C3,CT,12,CT6,LATRI,29.1,29.6,100,
C3,CT,12,CT6,LATRI,41.3,42.25,100,
PT1,DT,1,DT1,HERB,0.3,0.5,,
PT1,DT,1,DT1,HERB,0.9,0.95,,
PT1,DT,1,DT1,HERB,1.7,3.5,,
PT1,DT,1,DT1,ERLAR,2.5,2.65,95,
PT1,DT,1,DT1,AGHAV,5.25,5.3,,
PT1,DT,1,DT1,HERB,6.5,6.8,,
PT1,DT,1,DT1,HERB,7.6,8.2,,
PT1,DT,1,DT1,OPCHI,7.9,8.2,,
PT1,DT,1,DT1,HERB,8.3,8.9,,
PT1,DT,1,DT1,HERB,9.8,10.15,,
PT1,DT,1,DT1,HERB,10.9,11.2,,
PT1,DT,1,DT1,HERB,11.8,12.2,,
PT1,DT,1,DT1,astlin,12.1,12.25,90,
PT1,DT,1,DT1,HERB,13.4,13.6,,
PT1,DT,1,DT1,OPCHI,13.65,13.8,,
PT1,DT,1,DT1,astlin,14,14.1,15,
PT1,DT,1,DT1,HERB,13.95,14.1,,
PT1,DT,1,DT1,HERB,16.2,16.8,,
PT1,DT,1,DT1,JUDEP,16.5,18,25,
PT1,DT,1,DT1,HERB,18.25,18.4,,
PT1,DT,1,DT1,OPCHI,18.9,18.97,,
PT1,DT,1,DT1,OPCHI,19.55,19.8,,
PT1,DT,1,DT1,HERB,19.8,20.9,,
PT1,DT,1,DT1,astlin,19.2,19.3,2,
PT1,DT,1,DT1,JUDEP,21.1,23.35,15,
PT1,DT,1,DT1,HERB,22.7,23.8,,
PT1,DT,1,DT1,HERB,24.4,25.5,,
PT1,DT,1,DT1,OPCHI,25.8,26.45,,
PT1,DT,1,DT1,JUDEP,25.2,29,15,
PT1,DT,1,DT1,HERB,26.5,29.9,,
PT1,DT,1,DT1,JUDEP,30.5,31.4,2,
PT1,DT,1,DT1,OPCHI,33.24,33.26,,
PT1,DT,1,DT1,astlin,33.6,33.72,,
PT1,DT,1,DT1,HERB,34.1,35.3,,
PT1,DT,1,DT1,ERLAR,35.4,35.95,,
PT1,DT,1,DT1,QUEMO,35.5,38.8,5,
PT1,DT,1,DT1,HERB,36.4,38,,
PT1,DT,1,DT1,ERLAR,38.2,38.65,,
PT1,DT,1,DT1,HERB,39,41,,
PT1,DT,1,DT1,HERB,42.3,45.4,,
PT1,DT,1,DT1,DALEI,47,48.25,,
PT1,DT,1,DT1,HERB,48.9,50,,
PT1,DT,2,DT2,PICEM,0,1.5,,
PT1,DT,2,DT2,HERB,0,2.4,,
PT1,DT,2,DT2,PICEM,2.6,7.9,,
PT1,DT,2,DT2,astlin,2.8,3,80,
PT1,DT,2,DT2,RHVIR,4.2,4.4,,
PT1,DT,2,DT2,QUEMO,6.3,6.4,100,Seedling
PT1,DT,2,DT2,DALEI,7.4,7.55,,
PT1,DT,2,DT2,QUGRI,7.95,12.1,5,
PT1,DT,2,DT2,astlin,9,9.1,85,
PT1,DT,2,DT2,RHTRI,9.3,9.4,,
PT1,DT,2,DT2,HERB,13.1,14.9,,
PT1,DT,2,DT2,AGHAV,14.3,14.35,,
PT1,DT,2,DT2,PICEM,15.9,19.9,,
PT1,DT,2,DT2,RHVIR,16.9,17.4,15,
PT1,DT,2,DT2,astlin,18.2,18.45,,
PT1,DT,2,DT2,OPCHI,18.1,18.14,,
PT1,DT,2,DT2,JUPIN,19.9,21.6,15,
PT1,DT,2,DT2,VISTE,20.5,20.7,25,
PT1,DT,2,DT2,DALEI,21.7,22,,
PT1,DT,2,DT2,astlin,21.6,21.7,,
PT1,DT,2,DT2,RHVIR,22.2,22.4,10,
PT1,DT,2,DT2,ERLAR,22.5,22.8,,
PT1,DT,2,DT2,HERB,22.3,22.9,,
PT1,DT,2,DT2,QUGRI,24.8,24.9,,
PT1,DT,2,DT2,QUGRI,25.6,25.7,,
PT1,DT,2,DT2,QUGRI,25.8,29.6,1,
PT1,DT,2,DT2,RHTRI,26.8,27.6,,
PT1,DT,2,DT2,HERB,31,32.1,,
PT1,DT,2,DT2,AGHAV,33.4,33.55,,
PT1,DT,2,DT2,HERB,36.3,38.1,,
PT1,DT,2,DT2,JUDEP,34.7,35,5,
PT1,DT,2,DT2,JUFLA,37.8,40.9,,
PT1,DT,2,DT2,HERB,39.3,39.7,,
PT1,DT,2,DT2,HERB,41.4,44.5,,
PT1,DT,2,DT2,PICEM,43.7,47.2,,
PT1,DT,2,DT2,PICEM,47.6,48.1,,
PT1,DT,2,DT2,HERB,45.8,49,,
PT1,BL,3,BL1,HERB,0.1,0.23,,
PT1,BL,3,BL1,HERB,1.62,1.82,,
PT1,BL,3,BL1,JUDEP,1.05,2.7,7.5,
PT1,BL,3,BL1,JUCOA,2.7,6.75,5,
PT1,BL,3,BL1,HERB,2,2.04,,
PT1,BL,3,BL1,HERB,2.36,2.44,,
PT1,BL,3,BL1,HERB,2.62,2.71,,
PT1,BL,3,BL1,HERB,4.1,4.2,,
PT1,BL,3,BL1,HERB,4.39,4.41,,
PT1,BL,3,BL1,HERB,5.05,5.11,,
PT1,BL,3,BL1,HERB,5.21,5.24,,
PT1,BL,3,BL1,HERB,5.8,5.9,,
PT1,BL,3,BL1,HERB,6.11,6.27,,
PT1,BL,3,BL1,PICEM,6.5,6.59,,SEEDLING
PT1,BL,3,BL1,HERB,6.63,6.69,,
PT1,BL,3,BL1,AGHAV,7.07,7.17,,
PT1,BL,3,BL1,HERB,7.49,7.67,,
PT1,BL,3,BL1,HERB,8.2,8.26,,
PT1,BL,3,BL1,HERB,8.6,8.73,,
PT1,BL,3,BL1,HERB,9.5,9.54,,
PT1,BL,3,BL1,JUDEP,10.5,14.5,5,
PT1,BL,3,BL1,HERB,9.95,10.05,,
PT1,BL,3,BL1,AGHAV,10.62,10.77,,
PT1,BL,3,BL1,HERB,10.82,10.95,,
PT1,BL,3,BL1,HERB,11.2,11.32,,
PT1,BL,3,BL1,HERB,13.22,13.35,,
PT1,BL,3,BL1,HERB,13.65,13.75,,
PT1,BL,3,BL1,HERB,14.26,14.35,,
PT1,BL,3,BL1,HERB,14.33,14.55,,
PT1,BL,3,BL1,HERB,15.85,15.94,,
PT1,BL,3,BL1,HERB,16.49,16.67,,
PT1,BL,3,BL1,HERB,16.94,17,,
PT1,BL,3,BL1,HERB,18.7,18.77,,
PT1,BL,3,BL1,AGHAV,19.75,20.58,,
PT1,BL,3,BL1,PICEM,21,26,0,
PT1,BL,3,BL1,HERB,22.7,22.83,,
PT1,BL,3,BL1,HERB,23.15,23.26,,
PT1,BL,3,BL1,DALEI,23.55,24.55,,
PT1,BL,3,BL1,HERB,24.69,24.76,,
PT1,BL,3,BL1,HERB,25.97,26.01,,
PT1,BL,3,BL1,HERB,26.55,26.6,,
PT1,BL,3,BL1,HERB,27.35,27.38,,
PT1,BL,3,BL1,HERB,27.64,27.74,,
PT1,BL,3,BL1,OPCHI,30.85,31.15,,MISTAKE. Check
PT1,BL,3,BL1,HERB,29.92,31,,
PT1,BL,3,BL1,HERB,3.34,30.75,,
PT1,BL,3,BL1,astlin,32.87,33.27,70,
PT1,BL,3,BL1,HERB,33.6,33.9,,
PT1,BL,3,BL1,HERB,34.17,40,,
PT1,BL,3,BL1,HERB,34.68,34.72,,
PT1,BL,3,BL1,HERB,35.7,35.18,,
PT1,BL,3,BL1,astlin,35.6,36.77,40,
PT1,BL,3,BL1,HERB,35.75,35.86,,
PT1,BL,3,BL1,astlin,36.16,36.18,,
PT1,BL,3,BL1,PICEM,35.4,37.45,0,
PT1,BL,3,BL1,HERB,36.85,37.11,,
PT1,BL,3,BL1,HERB,37.84,38.07,,
PT1,BL,3,BL1,HERB,38.42,38.55,,
PT1,BL,3,BL1,PICEM,39.15,42.05,0,
PT1,BL,3,BL1,HERB,40.41,40.57,,
PT1,BL,3,BL1,HERB,41,41.11,,
PT1,BL,3,BL1,HERB,41.9,41.99,,
PT1,BL,3,BL1,HERB,42.18,42.32,,
PT1,BL,3,BL1,HERB,42.45,42.56,,
PT1,BL,3,BL1,HERB,43.35,43.38,,
PT1,BL,3,BL1,HERB,43.72,43.79,,
PT1,BL,3,BL1,HERB,43.15,43.22,,
PT1,BL,3,BL1,OPCHI,45.1,45.2,,
PT1,BL,3,BL1,PICEM,43.65,46.05,0,
PT1,BL,3,BL1,HERB,45.2,45.36,,
PT1,BL,3,BL1,HERB,45.9,46,,
PT1,BL,3,BL1,HERB,46.2,46.25,,
PT1,BL,3,BL1,OPCHI,45.55,45.71,,
PT1,BL,3,BL1,OPCHI,46.35,46.6,,
PT1,BL,3,BL1,HERB,47.3,47.38,,
PT1,BL,3,BL1,HERB,47.8,47.9,,
PT1,BL,3,BL1,HERB,48.3,48.34,,
PT1,BL,3,BL1,HERB,48.77,48.81,,
PT1,BL,3,BL1,HERB,49.74,49.8,,
PT1,CT,4,CT1,QUGRI,0,1.2,40,
PT1,CT,4,CT1,JUFLA,1,6.15,1,
PT1,CT,4,CT1,HERB,2,4,,
PT1,CT,4,CT1,RHTRI,8.1,8.12,,
PT1,CT,4,CT1,RHTRI,8.8,9,,
PT1,CT,4,CT1,JUDEP,10.5,12,5,
PT1,CT,4,CT1,PICEM,11.5,12.35,,
PT1,CT,4,CT1,HERB,11,17,,
PT1,CT,4,CT1,ACCON,17.6,18.5,,
PT1,CT,4,CT1,PICEM,18.9,19.2,5,isolated
PT1,CT,4,CT1,OPCHI,20.7,21.2,,
PT1,CT,4,CT1,HERB,20,24,,
PT1,CT,4,CT1,JUDEP,25.6,31.5,30,
PT1,CT,4,CT1,HERB,25.6,34,,
PT1,CT,4,CT1,OPCHI,31.6,31.75,,
PT1,CT,4,CT1,RHVIR,26.5,27,1,
PT1,CT,4,CT1,RHVIR,34.85,37.21,20,
PT1,CT,4,CT1,HERB,38,43,,
PT1,CT,4,CT1,OPCHI,41.8,41.9,,
PT1,CT,4,CT1,JUDEP,42.7,46.5,30,
PT1,CT,4,CT1,HERB,42,46,,
PT1,CT,4,CT1,JUPIN,48.5,49.9,,
PT1,CT,4,CT1,HERB,49.8,50,,
PT1,CT,5,CT2,HERB,0.7,1.7,,
PT1,CT,5,CT2,OPCHI,2.5,3.25,,
PT1,CT,5,CT2,astlin,3.5,4.02,6,
PT1,CT,5,CT2,HERB,4.2,5,,
PT1,CT,5,CT2,RHTRI,6.2,6.9,2,
PT1,CT,5,CT2,HERB,7.1,7.2,,
PT1,CT,5,CT2,OPCHI,7.75,8,,
PT1,CT,5,CT2,HERB,8.4,14.2,,
PT1,CT,5,CT2,ERLAR,15.7,16.2,50,
PT1,CT,5,CT2,HERB,17,21,,
PT1,CT,5,CT2,ERLAR,25,25.6,,
PT1,CT,5,CT2,HERB,25.7,26.2,,
PT1,CT,5,CT2,ERLAR,26.2,26.75,,
PT1,CT,5,CT2,HERB,26.9,27.1,,
PT1,CT,5,CT2,astlin,28.6,29.2,,
PT1,CT,5,CT2,HERB,29.6,30,,
PT1,CT,5,CT2,PICEM,29,32.7,2,
PT1,CT,5,CT2,HERB,30.4,31.3,,
PT1,CT,5,CT2,PICEM,33.7,34.7,1,
PT1,CT,5,CT2,HERB,34.8,35,,
PT1,CT,5,CT2,PICEM,35,40,,
PT1,CT,5,CT2,RHTRI,37.4,38.4,,
PT1,CT,5,CT2,DALEI,38.5,38.9,,
PT1,CT,5,CT2,astlin,39.1,39.2,,
PT1,CT,5,CT2,HERB,40,42,,
PT1,CT,5,CT2,VISTE,41.9,42.12,,
PT1,CT,5,CT2,astlin,43.1,43.9,,
PT1,CT,5,CT2,JUDEP,42.7,46.3,45,
PT1,CT,5,CT2,astlin,44.9,45.6,,
PT1,CT,5,CT2,OPCHI,45.66,45.7,,
PT1,CT,5,CT2,astlin,46.7,47.1,,
PT1,CT,5,CT2,HERB,48,49,,
PT1,CT,5,CT2,astlin,48.3,48.8,,
PT1,CT,5,CT2,HERB,49.8,50,,
PT2,BT,1,BT1,QUGRI,0,0.65,1,
PT2,BT,1,BT1,HERB,0.04,0.07,,
PT2,BT,1,BT1,HERB,0.3,0.38,,
PT2,BT,1,BT1,HERB,0.75,0.83,,
PT2,BT,1,BT1,HERB,1.02,1.2,,
PT2,BT,1,BT1,HERB,1.35,1.53,,
PT2,BT,1,BT1,PICEM,0,2.1,,
PT2,BT,1,BT1,DALEI,3.8,5.3,,
PT2,BT,1,BT1,QUGRI,5.6,5.9,1,
PT2,BT,1,BT1,PICEM,2.7,7,,
PT2,BT,1,BT1,DALEI,5.4,6.9,,
PT2,BT,1,BT1,DALEI,6.9,7.8,,
PT2,BT,1,BT1,AGHAV,8,8.4,,
PT2,BT,1,BT1,AGHAV,8.4,8.7,,
PT2,BT,1,BT1,DALEI,8,8.9,,
PT2,BT,1,BT1,AGHAV,9,9.1,,
PT2,BT,1,BT1,AGHAV,9.12,9.34,,
PT2,BT,1,BT1,HERB,9.4,9.9,,
PT2,BT,1,BT1,HERB,10.2,10.35,,
PT2,BT,1,BT1,HERB,10.9,11.05,,
PT2,BT,1,BT1,OPCHI,10.15,10.55,,
PT2,BT,1,BT1,OPCHI,10.7,11.8,,
PT2,BT,1,BT1,DALEI,12,13,,
PT2,BT,1,BT1,PICEM,12.8,13.4,,
PT2,BT,1,BT1,HERB,13.4,13.55,,
PT2,BT,1,BT1,JUNX,15.08,15.1,,Seedling
PT2,BT,1,BT1,HERB,15.53,15.66,,
PT2,BT,1,BT1,QUEMO,14.55,16.85,,
PT2,BT,1,BT1,JUNX,17.34,17.4,15,Seedling
PT2,BT,1,BT1,QUGRA,18.85,18.9,,Seedling
PT2,BT,1,BT1,PICEM,18,20.25,,
PT2,BT,1,BT1,DALEI,18.53,18.62,,
PT2,BT,1,BT1,QUGRA,15.9,21.5,15,
PT2,BT,1,BT1,AGHAV,21.4,21.83,,
PT2,BT,1,BT1,PICEM,20.6,25.1,,
PT2,BT,1,BT1,QUGRA,22.55,23.7,10,
PT2,BT,1,BT1,SAREG,22.9,23.4,,Salvia regla
PT2,BT,1,BT1,DALEI,23.8,24.85,,
PT2,BT,1,BT1,HERB,24.85,25.18,,
PT2,BT,1,BT1,HERB,25.46,25.5,,
PT2,BT,1,BT1,HERB,25.85,26.05,,
PT2,BT,1,BT1,HERB,26.25,26.49,,
PT2,BT,1,BT1,HERB,27.7,27.75,,
PT2,BT,1,BT1,DALEI,28,28.85,,
PT2,BT,1,BT1,DALEI,28,28.85,,
PT2,BT,1,BT1,HERB,30.66,30.85,,
PT2,BT,1,BT1,HERB,31.02,31.08,,
PT2,BT,1,BT1,HERB,32.18,32.24,,
PT2,BT,1,BT1,HERB,33.45,33.55,,
PT2,BT,1,BT1,PICEM,33.2,34.85,,
PT2,BT,1,BT1,DALEI,33.6,34,,
PT2,BT,1,BT1,HERB,36.55,36.75,,
PT2,BT,1,BT1,DALEI,37,37.5,,
PT2,BT,1,BT1,PICEM,38.6,40.45,,
PT2,BT,1,BT1,PICEM,43.8,45.5,,
PT2,BT,1,BT1,QUGRA,36.95,41,1,
PT2,BT,1,BT1,HERB,42.3,42.58,,
PT2,BT,1,BT1,QUGRI,42.98,45.2,2,
PT2,BT,1,BT1,HERB,43.75,44.08,,
PT2,BT,1,BT1,HERB,44.55,44.68,,
PT2,BT,1,BT1,JUDEP,45.1,45.5,,
PT2,BT,1,BT1,HERB,44.9,45,,
PT2,BT,1,BT1,HERB,46.4,47.1,,
PT2,BT,1,BT1,QUGRI,46.6,47.35,,
PT2,BT,1,BT1,HERB,48.2,48.45,,
PT2,BT,2,BT2,HERB,0,10,,
PT2,BT,2,BT2,PICEM,0,1.75,,
PT2,BT,2,BT2,QUGRI,2.3,3.6,,
PT2,BT,2,BT2,HERB,3.05,3.15,,
PT2,BT,2,BT2,HERB,4.56,4.65,,
PT2,BT,2,BT2,HERB,4.82,4.86,,
PT2,BT,2,BT2,HERB,5.1,5.2,,
PT2,BT,2,BT2,QUGRI,4.2,5.8,,
PT2,BT,2,BT2,HERB,5.83,5.84,,
PT2,BT,2,BT2,HERB,6.57,6.57,,
PT2,BT,2,BT2,HERB,7.29,7.6,,
PT2,BT,2,BT2,HERB,8.1,8.25,,
PT2,BT,2,BT2,PICEM,4.6,8.5,,
PT2,BT,2,BT2,HERB,9.06,9.3,,
PT2,BT,2,BT2,HERB,10.45,10.47,,
PT2,BT,2,BT2,HERB,10.64,10.86,,
PT2,BT,2,BT2,HERB,11.3,11.71,,
PT2,BT,2,BT2,HERB,12.05,12.59,,
PT2,BT,2,BT2,HERB,12.88,13.07,,
PT2,BT,2,BT2,QUEMO,14.44,15.15,,
PT2,BT,2,BT2,HERB,16,16.16,,
PT2,BT,2,BT2,HERB,16.77,16.86,,
PT2,BT,2,BT2,HERB,17.18,17.28,,
PT2,BT,2,BT2,JUDEP,16.8,17,,
PT2,BT,2,BT2,JUDEP,17.85,18.3,,
PT2,BT,2,BT2,HERB,17.96,18.09,,
PT2,BT,2,BT2,HERB,18.34,18.42,,
PT2,BT,2,BT2,QUGRI,18.8,19.3,1,
PT2,BT,2,BT2,HERB,18.92,19.1,,
PT2,BT,2,BT2,HERB,19.6,19.85,,
PT2,BT,2,BT2,HERB,21.3,21.4,,
PT2,BT,2,BT2,JUDEP,20,20.8,,
PT2,BT,2,BT2,JUDEP,20.3,20.8,,Sapling
PT2,BT,2,BT2,JUDEP,21.2,22.1,1,
PT2,BT,2,BT2,QUGRI,22,23,1,
PT2,BT,2,BT2,PICEM,23.5,25.7,,
PT2,BT,2,BT2,PICEM,23.27,23.35,,Seedling
PT2,BT,2,BT2,QUEMO,23.35,23.45,,Seedling
PT2,BT,2,BT2,HERB,22.29,22.33,,
PT2,BT,2,BT2,HERB,22.98,23.02,,
PT2,BT,2,BT2,HERB,22.77,22.91,,
PT2,BT,2,BT2,HERB,23.15,23.28,,
PT2,BT,2,BT2,HERB,23.7,23.76,,
PT2,BT,2,BT2,HERB,24.2,24.14,,
PT2,BT,2,BT2,HERB,24.31,24.51,,
PT2,BT,2,BT2,HERB,24.68,25.07,,
PT2,BT,2,BT2,HERB,25.8,26.08,,
PT2,BT,2,BT2,QUGRI,24.75,28.7,1,
PT2,BT,2,BT2,QUEMO,28.2,30.1,2,
PT2,BT,2,BT2,HERB,31.6,31.78,,
PT2,BT,2,BT2,JUFLA,29.3,32.6,1,
PT2,BT,2,BT2,HERB,34.48,35.4,,
PT2,BT,2,BT2,OPCHI,37.42,37.52,,
PT2,BT,2,BT2,QUGRA,37.3,39.6,90,
PT2,BT,2,BT2,HERB,38.97,39.07,,
PT2,BT,2,BT2,HERB,39.58,39.66,,
PT2,BT,2,BT2,JUFLA,38.4,42.65,,
PT2,BT,2,BT2,QUGRA,41.6,42.75,15,
PT2,BT,2,BT2,AGHAV,46.16,56.22,,
PT2,BT,2,BT2,HERB,46.79,46.84,,
PT2,BT,2,BT2,HERB,47.19,47.25,,
PT2,BT,2,BT2,QUEMO,47.97,48,,Seedling
PT2,BT,2,BT2,HERB,48.23,48.26,,
PT2,BT,2,BT2,HERB,48.49,48.61,,
PT2,BT,2,BT2,HERB,48.73,48.8,,
PT2,BT,2,BT2,HERB,49,49.1,,
PT2,BT,2,BT2,JUDEP,46.5,48.9,,
PT2,BT,2,BT2,JUDEP,48.3,48.8,10,
PT2,BT,2,BT2,HERB,49.75,50,,
PT2,BT,2,BT2,JUDEP,48.6,50,,
PT2,CT,3,CT1,PICEM,0,1.7,1,
PT2,CT,3,CT1,HERB,0.4,0.48,,
PT2,CT,3,CT1,DALEI,0.6,1.5,,
PT2,CT,3,CT1,QUEMO,2.2,4.8,100,
PT2,CT,3,CT1,HERB,3,3.8,,
PT2,CT,3,CT1,QUGRI,4.2,5.7,1,
PT2,CT,3,CT1,PICEM,5.8,7,,
PT2,CT,3,CT1,HERB,6.1,6.9,,
PT2,CT,3,CT1,AGHAV,7.8,8.85,,
PT2,CT,3,CT1,HERB,9,9.2,,
PT2,CT,3,CT1,QUGRA,8.1,13.65,5,
PT2,CT,3,CT1,JUFLA,10.5,11.35,,
PT2,CT,3,CT1,QUEMO,13.8,14.4,,
PT2,CT,3,CT1,opplan,13.95,14.5,90,
PT2,CT,3,CT1,QUGRA,15.2,17.25,5,
PT2,CT,3,CT1,DALEI,16.45,18.1,,
PT2,CT,3,CT1,SAREG,18.13,18.27,,
PT2,CT,3,CT1,SAREG,18.25,18.46,100,
PT2,CT,3,CT1,PICEM,17.75,19.8,,
PT2,CT,3,CT1,HERB,19.5,24.8,,
PT2,CT,3,CT1,QUGRA,20.3,23.48,8,
PT2,CT,3,CT1,HERB,25.9,28.6,,
PT2,CT,3,CT1,JUDEP,28.95,29.08,,
PT2,CT,3,CT1,QUGRI,28.3,32.1,3,
PT2,CT,3,CT1,PICEM,27.8,31.4,,
PT2,CT,3,CT1,HERB,31,31.5,,
PT2,CT,3,CT1,DALEI,32.91,33.41,,
PT2,CT,3,CT1,JUDEP,33.99,34.3,10,
PT2,CT,3,CT1,QUGRI,33.55,36.71,3,
PT2,CT,3,CT1,HERB,37,38,,
PT2,CT,3,CT1,PICEM,38,42.8,,
PT2,CT,3,CT1,QUEMO,40.8,44.32,,
PT2,CT,3,CT1,OPCHI,40.4,40.49,,
PT2,CT,3,CT1,PICEM,42.1,42.2,,
PT2,CT,3,CT1,OPCHI,40.7,41.33,100,
PT2,CT,3,CT1,QUEMO,41,44.6,2,
PT2,CT,3,CT1,QUEMO,43.7,44.3,95,
PT2,CT,3,CT1,QUGRI,44.3,47.7,,
PT2,CT,3,CT1,JUDEP,46.4,46.78,,
PT2,CT,3,CT1,JUDEP,47.6,48,3,
PT2,CT,3,CT1,HERB,48,48.3,,
PT2,CT,3,CT1,QUGRA,48.2,49.4,50,
PT2,CT,3,CT1,HERB,49,49.2,,
PT2,CT,3,CT1,JUDEP,49.9,50,3,
PT2,CT,4,CT2,PICEM,0,1.8,,
PT2,CT,4,CT2,opplan,2.2,2.21,,
PT2,CT,4,CT2,JUDEP ,3,3.45,,
PT2,CT,4,CT2,HERB,2.5,2.8,,
PT2,CT,4,CT2,PICEM,2.5,5.1,,
PT2,CT,4,CT2,PICEM,4.1,5,,
PT2,CT,4,CT2,PICEM,4.5,8.5,,
PT2,CT,4,CT2,JUDEP ,6.8,7,3,
PT2,CT,4,CT2,DALEI,5.8,8,,
PT2,CT,4,CT2,QUGRI,8.7,9,3,
PT2,CT,4,CT2,HERB,8.7,9,,
PT2,CT,4,CT2,JUDEP ,11.7,12.4,1,
PT2,CT,4,CT2,QUEMO,12.7,12.8,10,
PT2,CT,4,CT2,opplan,12.45,12.55,,
PT2,CT,4,CT2,JUFLA,14.7,15,,
PT2,CT,4,CT2,HERB,15.5,15.6,,
PT2,CT,4,CT2,JUFLA,16.2,16.21,,
PT2,CT,4,CT2,QUEMO,14.4,14.6,10,
PT2,CT,4,CT2,QUGRI,17.3,22,,
PT2,CT,4,CT2,HERB,17,17.5,,
PT2,CT,4,CT2,QUGRI,21.45,24.5,,
PT2,CT,4,CT2,QUGRA,25.5,27.3,25,
PT2,CT,4,CT2,QUGRI,24.5,25.5,,
PT2,CT,4,CT2,QUGRI,27.7,29.1,2,
PT2,CT,4,CT2,QUGRA,29,33,10,
PT2,CT,4,CT2,JUFLA,31.2,32.2,8,
PT2,CT,4,CT2,PICEM,35.26,39.31,,
PT2,CT,4,CT2,HERB,39,45,,
PT2,CT,4,CT2,QUGRI,39,40.2,,
PT2,CT,4,CT2,PICEM,40,43.9,,
PT2,CT,4,CT2,JUDEP ,42.6,45.4,2,
PT2,CT,4,CT2,JUDEP ,45.7,45.85,8,
PT2,CT,4,CT2,QUGRI,45.4,48.6,2,
PT2,CT,4,CT2,PICEM,49.5,50,,
C1,CT,7,CT1,VISTE,0,1.1,100,
C1,CT,7,CT1,VISTE,1.3,2.3,100,
C1,CT,7,CT1,HERB,2.7,2.8,,
C1,CT,7,CT1,ACGRE,3,3.4,60,
C1,CT,7,CT1,HERB,4.1,4.7,,
C1,CT,7,CT1,VISTE,5.1,5.55,100,
C1,CT,7,CT1,VISTE,6.5,7.12,100,
C1,CT,7,CT1,VISTE,7.3,8.56,100,
C1,CT,7,CT1,HERB,8.9,9.4,,
C1,CT,7,CT1,AGLEC,9.4,11,80,
C1,CT,7,CT1,VISTE,9.55,9.8,100,
C1,CT,7,CT1,HERB,14.5,12.5,,
C1,CT,7,CT1,AGLEC,13.6,14.7,95,
C1,CT,7,CT1,HERB,14.3,14.5,,
C1,CT,7,CT1,HERB,15.1,15.3,,
C1,CT,7,CT1,AGLEC,15.5,16.8,100,
C1,CT,7,CT1,AGLEC,17.6,18.1,100,
C1,CT,7,CT1,legmin,17.7,17.8,100,
C1,CT,7,CT1,KOSPI,22.1,22.5,50,
C1,CT,7,CT1,HERB,24.3,29.2,,
C1,CT,7,CT1,HERB,27.8,28.3,,
C1,CT,7,CT1,VISTE,29.1,29.55,100,
C1,CT,7,CT1,OPDUL,30.5,31.6,100,
C1,CT,7,CT1,VISTE,30.4,31.7,100,
C1,CT,7,CT1,DALEI,32.3,33.4,100,
C1,CT,7,CT1,VISTE,33.3,33.7,100,
C1,CT,7,CT1,HERB,33.7,34.1,,
C1,CT,7,CT1,VISTE,34.4,34.7,100,
C1,CT,7,CT1,VISTE,35.1,38.1,100,
C1,CT,7,CT1,legmin,40.9,41.2,100,
C1,CT,7,CT1,AGLEC,41.5,41.9,100,
C1,CT,7,CT1,HERB,42.5,43.05,,
C1,CT,7,CT1,HERB,43.4,43.75,,
C1,CT,7,CT1,HERB,45,45.3,,
C1,CT,7,CT1,HERB,46,46.3,,
C1,CT,7,CT1,VISTE,46.3,47.2,,
C1,CT,7,CT1,VISTE,48.65,49.6,100,
C1,CT,7,CT1,AGLEC,49.3,49.8,100,
C1,CT,8,CT2,HERB,0.95,1.65,,
C1,CT,8,CT2,VISTE,2.5,3.35,100,
C1,CT,8,CT2,VISTE,5.1,5.8,100,
C1,CT,8,CT2,VISTE,6.1,6.4,100,
C1,CT,8,CT2,ACGRE,7.8,8.2,,
C1,CT,8,CT2,VISTE,8.2,8.8,100,
C1,CT,8,CT2,HERB,9.8,9.9,,
C1,CT,8,CT2,VISTE,10.5,11.3,100,
C1,CT,8,CT2,VISTE,12.05,12.56,100,
C1,CT,8,CT2,HERB,12.9,13.3,,
C1,CT,8,CT2,VISTE,13.8,14.3,100,
C1,CT,8,CT2,HERB,15.6,16.7,,
C1,CT,8,CT2,VISTE,17.3,18.1,100,
C1,CT,8,CT2,VISTE,19.2,19.5,100,
C1,CT,8,CT2,legmin,19.8,20.5,100,
C1,CT,8,CT2,VISTE,21.2,21.6,,
C1,CT,8,CT2,LECAN,23,23.5,100,
C1,CT,8,CT2,VISTE,24.3,24.7,100,
C1,CT,8,CT2,ACGRE,27,27.9,,
C1,CT,8,CT2,EPTOR,27.1,27.6,50,
C1,CT,8,CT2,HERB,28.2,29,,
C1,CT,8,CT2,ACGRE,29.3,30.4,10,
C1,CT,8,CT2,VISTE,30.55,31,100,
C1,CT,8,CT2,VISTE,32.5,33.1,100,
C1,CT,8,CT2,HERB,33.5,34.4,,
C1,CT,8,CT2,AGLEC,34.9,35.3,100,
C1,CT,8,CT2,AGLEC,35.6,36,100,
C1,CT,8,CT2,VISTE,36.1,37,100,
C1,CT,8,CT2,AGLEC,36.8,37.6,100,
C1,CT,8,CT2,VISTE,37.8,38.2,100,
C1,CT,8,CT2,legmin,38.45,38.7,100,
C1,CT,8,CT2,VISTE,38.7,39.2,100,
C1,CT,8,CT2,VISTE,39.2,39.7,100,
C1,CT,8,CT2,EPTOR,39.5,39.8,100,
C1,CT,8,CT2,VISTE,42,42.6,100,
C1,CT,8,CT2,legmin,42.7,43.2,100,
C1,CT,8,CT2,AGLEC,43.6,44,100,
C1,CT,8,CT2,AGLEC,45,46,99,
C1,CT,8,CT2,ACGRE,45.1,45.6,80,
C1,CT,8,CT2,HERB,46.6,46.8,,
C1,CT,8,CT2,opphai,46.9,47.2,100,
C1,CT,8,CT2,HERB,49.3,49.7,,
C1,CT,9,CT3,legmin,0.3,0.7,100,
C1,CT,9,CT3,HERB,1.9,2.6,,
C1,CT,9,CT3,HERB,5.1,5.6,,
C1,CT,9,CT3,HERB,7,7.4,,
C1,CT,9,CT3,AGLEC,7.7,8,100,
C1,CT,9,CT3,HERB,9.7,10,,
C1,CT,9,CT3,OPDUL,10,10.5,100,
C1,CT,9,CT3,HERB,12.5,12.8,,
C1,CT,9,CT3,AGLEC,14.7,15.3,95,
C1,CT,9,CT3,HERB,15.8,16.8,,
C1,CT,9,CT3,VISTE,16.2,16.9,100,
C1,CT,9,CT3,VISTE,17.9,18.2,100,
C1,CT,9,CT3,VISTE,19.8,20.5,100,
C1,CT,9,CT3,AGLEC,20,20.3,80,
C1,CT,9,CT3,HERB,23.6,23.9,,
C1,CT,9,CT3,VISTE,24.4,24.9,100,
C1,CT,9,CT3,DALEI,25,26.1,100,
C1,CT,9,CT3,ACGRE,28.5,29.2,100,
C1,CT,9,CT3,HERB,33.5,34,,
C1,CT,9,CT3,HERB,36.2,36.5,,
C1,CT,9,CT3,VISTE,36.4,36.9,100,
C1,CT,9,CT3,AGLEC,39.4,40,100,
C1,CT,9,CT3,ACGRE,42,43.7,50,
C1,CT,9,CT3,VISTE,44.7,45.2,100,
C1,CT,9,CT3,HERB,45.8,45.9,,
C1,CT,9,CT3,VISTE,46.1,46.45,100,
C1,CT,9,CT3,legmin,46.6,46.8,100,
C1,CT,9,CT3,VISTE,48.4,48.9,100,
C1,CT,9,CT3,VISTE,49.5,50,100,
