site,transect,team,spcode,start,stop,dist
BR1,1,AW,BG,0,0.4,0.4
BR1,1,AW,HERB,0.4,0.9,0.5
BR1,1,AW,ACACON,0.9,1,0.1
BR1,1,AW,HERB,1,1.2,0.2
BR1,1,AW,BG,1.2,2.6,1.4
BR1,1,AW,MIMACU,2.6,2.7,0.1
BR1,1,AW,BG,2.7,3.6,0.9
BR1,1,AW,HERB,3.9,4.3,0.4
BR1,1,AW,BG,4.3,4.95,0.65
BR1,1,AW,astirr,4.95,5.5,0.55
BR1,1,AW,MAHTRI,5.5,6.8,1.3
BR1,1,AW,DASLEI,6,6.2,0.2
BR1,1,AW,RHUVIR,6.5,6.8,0.3
BR1,1,AW,HERB,6.8,7.1,0.3
BR1,1,AW,BG,7.1,7.4,0.3
BR1,1,AW,JUNPIN,7.4,14,6.6
BR1,1,AW,NOLERU,8.7,9.2,0.5
BR1,1,AW,BG,14,14.4,0.4
BR1,1,AW,DASLEI,14.4,15.4,1
BR1,1,AW,DALFOR,15.2,15.4,0.2
BR1,1,AW,DASLEI,15.4,15.5,0.1
BR1,1,AW,astirr,16.5,16.8,0.3
BR1,1,AW,ALOGRA,16,17.4,1.4
BR1,1,AW,ACACON,17.5,18.1,0.6
BR1,1,AW,ALOGRA,18,18.9,0.9
BR1,1,AW,OPUCHI,18.9,19.1,0.2
BR1,1,AW,BG,19.1,20.1,1
BR1,1,AW,ACACON,20,20.1,0.1
BR1,1,AW,BG,20.1,20.7,0.6
BR1,1,AW,ACACON,20.7,20.8,0.1
BR1,1,AW,OPUCHI,20.8,21.4,0.6
BR1,1,AW,ACACON,21.7,21.8,0.1
BR1,1,AW,BG,21.4,21.7,0.3
BR1,1,AW,OPUCHI,22.15,22.2,0.05
BR1,1,AW,BG,21.8,22.15,0.35
BR1,1,AW,BG,22.2,22.3,0.1
BR1,1,AW,HERB,22.3,22.5,0.2
BR1,1,AW,BG,22.5,22.8,0.3
BR1,1,AW,astirr,22.8,22.95,0.15
BR1,1,AW,HERB,22.95,23.9,0.95
BR1,1,AW,BG,23.9,24.6,0.7
BR1,1,AW,HERB,24.6,24.7,0.1
BR1,1,AW,OPUCHI,24.85,24.9,0.05
BR1,1,AW,BG,24.9,25.2,0.3
BR1,1,AW,NOLERU,25.2,25.25,0.05
BR1,1,AW,BG,25.25,25.9,0.65
BR1,1,AW,OPUCHI,25.9,26.15,0.25
BR1,1,AW,BG,26.15,26.6,0.45
BR1,1,AW,ACACON,26.6,26.65,0.05
BR1,1,AW,BG,26.85,27.5,0.65
BR1,1,AW,HERB,27.5,27.6,0.1
BR1,1,AW,BG,27.6,27.9,0.3
BR1,1,AW,ACACON,27.9,28.3,0.4
BR1,1,AW,BG,28.3,29.05,0.75
BR1,1,AW,OPUCHI,29.05,29.1,0.05
BR1,1,AW,BG,29.1,29.4,0.3
BR1,1,AW,HERB,29.4,29.5,0.1
BR1,1,AW,BG,29.5,30,0.5
BR1,1,AW,DASLEI,30,31,1
BR1,1,AW,BG,31,31.7,0.7
BR1,1,AW,DASLEI,31.7,31.85,0.15
BR1,1,AW,astirr,31.85,32.4,0.55
BR1,1,AW,ACACON,32.4,32.55,0.15
BR1,1,AW,BG,32.55,34,1.45
BR1,1,AW,OPUCHI,34,34.01,0.01
BR1,1,AW,BG,34.01,35.3,1.29
BR1,1,AW,ACACON,25.3,35.5,10.2
BR1,1,AW,DASLEI,35.5,36.4,0.9
BR1,1,AW,BG,36.4,38.2,1.8
BR1,1,AW,OPUCHI,38.2,38.5,0.3
BR1,1,AW,BG,38.5,39,0.5
BR1,1,AW,AGALEC,39,40,1
BR1,1,AW,DASLEI,40,40.6,0.6
BR1,1,AW,AGALEC,40.6,41.5,0.9
BR1,1,AW,fascic,41.2,43.2,2
BR1,1,AW,HERB,43.2,43.85,0.65
BR1,1,AW,BG,43.85,44.5,0.65
BR1,1,AW,AGALEC,44.5,46.3,1.8
BR1,1,AW,MIMACU,46.3,47,0.7
BR1,1,AW,ACACON,47,48.3,1.3
BR1,1,AW,BG,48.3,49,0.7
BR1,1,AW,AGALEC,49,49.5,0.5
BR1,1,AW,MIMACU,49.3,49.4,0.1
BR1,1,AW,BG,49.4,50,0.6
BR1,2,AW,HERB,0,0.4,0.4
BR1,2,AW,BG,0.4,1.5,1.1
BR1,2,AW,ACACON,1.5,1.9,0.4
BR1,2,AW,DALFOR,1.9,2.6,0.7
BR1,2,AW,BG,2.6,2.9,0.3
BR1,2,AW,DALFOR,2.9,3.2,0.3
BR1,2,AW,HERB,3.2,3.5,0.3
BR1,2,AW,DALFOR,3.5,3.7,0.2
BR1,2,AW,HERB,3.7,4.9,1.2
BR1,2,AW,BG,4.9,5.3,0.4
BR1,2,AW,HERB,5.3,5.5,0.2
BR1,2,AW,EPHTOR,5.5,5.9,0.4
BR1,2,AW,HERB,5.9,6.15,0.25
BR1,2,AW,BG,6.15,6.5,0.35
BR1,2,AW,ACACON,6.5,7.5,1
BR1,2,AW,astirr,7.5,8.2,0.7
BR1,2,AW,BG,8.2,8.9,0.7
BR1,2,AW,HERB,8.9,9.1,0.2
BR1,2,AW,BG,9.1,9.9,0.8
BR1,2,AW,DALFOR,9.9,10.2,0.3
BR1,2,AW,BG,10.2,11,0.8
BR1,2,AW,DALFOR,11,11.1,0.1
BR1,2,AW,BG,11.1,11.5,0.4
BR1,2,AW,DALFOR,11.5,11.8,0.3
BR1,2,AW,BG,11.8,12.8,1
BR1,2,AW,HERB,12.8,13,0.2
BR1,2,AW,BG,13,13.6,0.6
BR1,2,AW,OPUCHI,13.6,13.65,0.05
BR1,2,AW,BG,13.65,14,0.35
BR1,2,AW,ARTLUD,14,14.5,0.5
BR1,2,AW,BG,14.5,14.7,0.2
BR1,2,AW,OPUCHI,14.7,15.2,0.5
BR1,2,AW,BG,15.2,15.5,0.3
BR1,2,AW,OPUCHI,15.5,15.7,0.2
BR1,2,AW,BG,15.7,16.1,0.4
BR1,2,AW,HERB,16.1,16.5,0.4
BR1,2,AW,BG,16.5,17,0.5
BR1,2,AW,HERB,17,17.5,0.5
BR1,2,AW,DALFOR,17.5,17.7,0.2
BR1,2,AW,BG,17.7,17.9,0.2
BR1,2,AW,HERB,17.9,18.1,0.2
BR1,2,AW,OPUCHI,18.1,18.3,0.2
BR1,2,AW,purgre,18.2,18.5,0.3
BR1,2,AW,BG,18.5,18.8,0.3
BR1,2,AW,OPUCHI,18.8,18.85,0.05
BR1,2,AW,BG,18.85,19.5,0.65
BR1,2,AW,DASLEI,19.5,20.5,1
BR1,2,AW,BG,20.5,21.5,1
BR1,2,AW,HERB,21.5,22,0.5
BR1,2,AW,DASLEI,22,22.2,0.2
BR1,2,AW,DALFOR,22.2,22.5,0.3
BR1,2,AW,BG,22.5,26.6,4.1
BR1,2,AW,DASLEI,26.6,27.3,0.7
BR1,2,AW,BG,27.3,28.6,1.3
BR1,2,AW,DASLEI,28.6,29.2,0.6
BR1,2,AW,HERB,29.2,29.6,0.4
BR1,2,AW,OPUCHI,29.6,29.9,0.3
BR1,2,AW,DALFOR,29.9,30.1,0.2
BR1,2,AW,astirr,30.1,30.4,0.3
BR1,2,AW,BG,30.4,30.8,0.4
BR1,2,AW,OPUCHI,30.8,31.5,0.7
BR1,2,AW,DALFOR,31.5,32.6,1.1
BR1,2,AW,BG,32.6,33,0.4
BR1,2,AW,astirr,33,33.4,0.4
BR1,2,AW,ACACON,33.4,33.8,0.4
BR1,2,AW,BG,33.8,35.8,2
BR1,2,AW,astirr,35.8,36.4,0.6
BR1,2,AW,ACACON,36.4,36.5,0.1
BR1,2,AW,ARTLUD,36.5,36.7,0.2
BR1,2,AW,DASLEI,36.7,37,0.3
BR1,2,AW,ACACON,37,38,1
BR1,2,AW,ARTLUD,38,39.4,1.4
BR1,2,AW,BG,39.4,42.3,2.9
BR1,2,AW,ARTLUD,42.3,42.8,0.5
BR1,2,AW,BG,42.8,45.1,2.3
BR1,2,AW,DALFOR,45.1,45.4,0.3
BR1,2,AW,oppwoo,45.5,45.6,0.1
BR1,2,AW,DASLEI,45.6,46.5,0.9
BR1,2,AW,BG,46.5,46.6,0.1
BR1,2,AW,astirr,46.6,47.1,0.5
BR1,2,AW,BG,47.1,47.9,0.8
BR1,2,AW,DALFOR,47.9,48.5,0.6
BR1,2,AW,DASLEI,48.5,50,1.5
BR1,3,HC,NOLERU,0,1,1
BR1,3,HC,ACAGRE,0.4,1.3,0.9
BR1,3,HC,NOLERU,0.8,1.8,1
BR1,3,HC,oppwoo,0.4,0.65,0.25
BR1,3,HC,HERB,1.9,2.5,0.6
BR1,3,HC,ACAGRE,2.65,2.8,0.15
BR1,3,HC,ACACON,3,4.5,1.5
BR1,3,HC,ACAGRE,4,4.4,0.4
BR1,3,HC,DASLEI,4.3,5.2,0.9
BR1,3,HC,DASLEI,5.2,5.9,0.7
BR1,3,HC,BG,5.9,6.3,0.4
BR1,3,HC,DASLEI,6.3,6.9,0.6
BR1,3,HC,DASLEI,6.4,6.8,0.4
BR1,3,HC,OPUCHI,7,8.2,1.2
BR1,3,HC,DASLEI,7.1,8.6,1.5
BR1,3,HC,BG,8.6,9,0.4
BR1,3,HC,ACACON,9,9.75,0.75
BR1,3,HC,BG,9,10.6,1.6
BR1,3,HC,DASLEI,10.6,11.9,1.3
BR1,3,HC,BG,11.9,12.4,0.5
BR1,3,HC,DASLEI,12.4,13.2,0.8
BR1,3,HC,EPHTOR,13.2,13.7,0.5
BR1,3,HC,BG,13.7,14.3,0.6
BR1,3,HC,RHUMIC,14.3,16.1,1.8
BR1,3,HC,JUNPIN,16.1,19.7,3.6
BR1,3,HC,BG,19.7,20.3,0.6
BR1,3,HC,JUNPIN,20.3,21.4,1.1
BR1,3,HC,DASLEI,20.4,21.9,1.5
BR1,3,HC,BG,21.9,24.3,2.4
BR1,3,HC,DASLEI,24.3,24.6,0.3
BR1,3,HC,BG,24.6,28.1,3.5
BR1,3,HC,JUNPIN,28.1,29.93,1.83
BR1,3,HC,OPUCHI,30.4,31.15,0.75
BR1,3,HC,BG,31.15,31.6,0.45
BR1,3,HC,ACACON,31.6,31.8,0.2
BR1,3,HC,DALFOR,33.75,34.15,0.4
BR1,3,HC,astirr,34.3,34.75,0.45
BR1,3,HC,DALFOR,34.9,35.15,0.25
BR1,3,HC,astirr,35.2,35.55,0.35
BR1,3,HC,ACACON,35.25,36.05,0.8
BR1,3,HC,JUNPIN,36,37.1,1.1
BR1,3,HC,DALFOR,37.1,37.35,0.25
BR1,3,HC,BG,37.35,38.5,1.15
BR1,3,HC,HERB,38.5,41.3,2.8
BR1,3,HC,EPHTOR,41.4,41.9,0.5
BR1,3,HC,ACACON,41.8,42.3,0.5
BR1,3,HC,BG,42.3,42.4,0.1
BR1,3,HC,ACACON,42.4,43.2,0.8
BR1,3,HC,ACAGRE,43.3,44.4,1.1
BR1,3,HC,BG,43.2,44,0.8
BR1,3,HC,JUNPIN,44,44.7,0.7
BR1,3,HC,ACAGRE,44.8,45.1,0.3
BR1,3,HC,BG,45.1,45.4,0.3
BR1,3,HC,ACAGRE,45.4,45.7,0.3
BR1,3,HC,OPUCHI,45.7,47.9,2.2
BR1,3,HC,BG,47.9,49.1,1.2
BR1,3,HC,astirr,49.1,50,0.9
BR1,4,HC,RHUMIC,0,2.5,2.5
BR1,4,HC,BG,2.5,4,1.5
BR1,4,HC,NOLERU,4,5.4,1.4
BR1,4,HC,OPUCHI,5.1,5.4,0.3
BR1,4,HC,BG,5.4,6.5,1.1
BR1,4,HC,fascic,5.5,8.4,2.9
BR1,4,HC,BG,8.4,9.1,0.7
BR1,4,HC,ACACON,9.15,9.9,0.75
BR1,4,HC,OPUCHI,9.4,10.45,1.05
BR1,4,HC,DASLEI,9.8,10.75,0.95
BR1,4,HC,BG,10.75,10.9,0.15
BR1,4,HC,ACACON,10.9,11.4,0.5
BR1,4,HC,ACAGRE,11.55,11.9,0.35
BR1,4,HC,BG,11.9,12.1,0.2
BR1,4,HC,NOLERU,12.1,13.1,1
BR1,4,HC,ACAGRE,13,13.7,0.7
BR1,4,HC,BG,13.7,14,0.3
BR1,4,HC,astirr,14,14.4,0.4
BR1,4,HC,ACAGRE,13.7,14.4,0.7
BR1,4,HC,HERB,14.4,15.7,1.3
BR1,4,HC,ACAGRE,15.7,15.9,0.2
BR1,4,HC,ACACON,16,16.95,0.95
BR1,4,HC,BG,17,17.8,0.8
BR1,4,HC,ACACON,17.8,18.1,0.3
BR1,4,HC,BG,18.1,18.6,0.5
BR1,4,HC,NOLERU,18.6,19.2,0.6
BR1,4,HC,BG,19.3,19.8,0.5
BR1,4,HC,OPUCHI,19.85,20.3,0.45
BR1,4,HC,ACACON,20.4,20.85,0.45
BR1,4,HC,dalgre,21.3,21.7,0.4
BR1,4,HC,BG,21.7,24.3,2.6
BR1,4,HC,ACAGRE,24.2,24.8,0.6
BR1,4,HC,DASLEI,25,26.7,1.7
BR1,4,HC,BG,26.7,27.7,1
BR1,4,HC,JUNPIN,27.7,30.6,2.9
BR1,4,HC,BG,30.6,31.4,0.8
BR1,4,HC,JUNPIN,31.4,32.9,1.5
BR1,4,HC,BG,32.9,34.8,1.9
BR1,4,HC,DASLEI,34.7,35.7,1
BR1,4,HC,BG,35.7,37.4,1.7
BR1,4,HC,DASLEI,37.4,39,1.6
BR1,4,HC,JUNPIN,39,44.1,5.1
BR1,4,HC,oppwoo,44.1,45,0.9
BR1,4,HC,BG,45,46.2,1.2
BR1,4,HC,DASLEI,46.2,47.1,0.9
BR1,4,HC,ACAGRE,47.2,50,2.8
BR1,5,MS,ARTLUD,0.36,3.11,2.75
BR1,5,MS,HERB,0,3.13,3.13
BR1,5,MS,BG,3.1,3.7,0.6
BR1,5,MS,HERB,3.7,10.34,6.64
BR1,5,MS,DASLEI,10.33,11.42,1.09
BR1,5,MS,BG,11.42,12.35,0.93
BR1,5,MS,HERB,12.35,22.7,10.35
BR1,5,MS,ARTLUD,12.71,12.9,0.19
BR1,5,MS,astirr,13.4,13.55,0.15
BR1,5,MS,OPUCHI,20.05,20.55,0.5
BR1,5,MS,DALFOR,17.81,18.05,0.24
BR1,5,MS,OPUCHI,21.25,22.35,1.1
BR1,5,MS,DALFOR,22.4,22.8,0.4
BR1,5,MS,DALFOR,23.2,23.4,0.2
BR1,5,MS,BG,23.7,24.36,0.66
BR1,5,MS,OPUCHI,24.4,24.7,0.3
BR1,5,MS,astirr,25.11,25.33,0.22
BR1,5,MS,YUCTOR,25.31,25.55,0.24
BR1,5,MS,DASLEI,25.44,26.75,1.31
BR1,5,MS,astirr,26.8,27.9,1.1
BR1,5,MS,DALFOR,27.22,27.84,0.62
BR1,5,MS,DALFOR,27.66,28.99,1.33
BR1,5,MS,HERB,24.36,34.45,10.09
BR1,5,MS,DALFOR,30.45,31.2,0.75
BR1,5,MS,DASLEI,31.24,33.8,2.56
BR1,5,MS,astirr,31.2,31.6,0.4
BR1,5,MS,ARTLUD,34.3,48.45,14.15
BR1,5,MS,OPUCHI,34.65,34.9,0.25
BR1,5,MS,astirr,37.45,37.51,0.06
BR1,5,MS,RHUMIC,42.3,42.44,0.14
BR1,5,MS,ACACON,45,46.31,1.31
BR1,5,MS,BG,42.45,45,2.55
BR1,5,MS,oppwoo,46.9,47.35,0.45
BR1,5,MS,DASLEI,47.5,48.44,0.94
BR1,5,MS,DASLEI,48.76,50,1.24
BR1,5,MS,astirr,48.82,49.11,0.29
BR1,6,MS,HERB,0,28.7,28.7
BR1,6,MS,DALFOR,0.43,1.2,0.77
BR1,6,MS,ACACON,1.2,1.5,0.3
BR1,6,MS,DALFOR,1.44,2.1,0.66
BR1,6,MS,MIMACU,3.2,4.15,0.95
BR1,6,MS,OPUCHI,5.54,5.83,0.29
BR1,6,MS,astsho,8.12,8.85,0.73
BR1,6,MS,DALFOR,8.8,10.84,2.04
BR1,6,MS,DASLEI,11.45,12.55,1.1
BR1,6,MS,MIMACU,12.66,12.9,0.24
BR1,6,MS,MIMACU,13.35,14.14,0.79
BR1,6,MS,astirr,18.15,18.5,0.35
BR1,6,MS,OPUCHI,19.6,20.25,0.65
BR1,6,MS,astirr,20.62,22.31,1.69
BR1,6,MS,DASLEI,25.65,26.85,1.2
BR1,6,MS,astirr,27.77,28.7,0.93
BR1,6,MS,BG,28.7,33.3,4.6
BR1,6,MS,DALFOR,31.73,31.97,0.24
BR1,6,MS,DASLEI,33.3,34.8,1.5
BR1,6,MS,DALFOR,34.39,35.1,0.71
BR1,6,MS,BG,35.1,35.78,0.68
BR1,6,MS,ARTLUD,35.78,40.55,4.77
BR1,6,MS,RHUMIC,40.45,42.31,1.86
BR1,6,MS,MAHTRI,42.2,43.17,0.97
BR1,6,MS,BG,43.17,44.14,0.97
BR1,6,MS,DASLEI,44.14,47.55,3.41
BR1,6,MS,DALFOR,47.51,47.73,0.22
BR1,6,MS,BG,47.73,49.17,1.44
BR1,6,MS,OPUCHI,49.17,49.22,0.05
BR1,6,MS,DALFOR,49.86,50,0.14
BR1,7,DR,RHUMIC,0,1.25,1.25
BR1,7,DR,BG,1.4,2.9,1.5
BR1,7,DR,OPUCHI,2.9,3.1,0.2
BR1,7,DR,BG,3.1,4.8,1.7
BR1,7,DR,HERB,4.8,5.2,0.4
BR1,7,DR,unarmd,4.55,5.2,0.65
BR1,7,DR,BG,5.2,6.4,1.2
BR1,7,DR,HERB,6.4,8.2,1.8
BR1,7,DR,OPUCHI,7.1,7.95,0.85
BR1,7,DR,BG,8.2,8.9,0.7
BR1,7,DR,HERB,8.9,9.1,0.2
BR1,7,DR,BG,9.1,13.55,4.45
BR1,7,DR,OPUCHI,10.4,10.55,0.15
BR1,7,DR,ARTLUD,12.3,12.4,0.1
BR1,7,DR,legmin,13.55,13.7,0.15
BR1,7,DR,BG,13.7,14.6,0.9
BR1,7,DR,HERB,14.6,14.7,0.1
BR1,7,DR,BG,14.7,16.5,1.8
BR1,7,DR,HERB,16.5,16.7,0.2
BR1,7,DR,EPHTOR,17.1,17.35,0.25
BR1,7,DR,HERB,17.7,17.95,0.25
BR1,7,DR,astirr,17.95,18.3,0.35
BR1,7,DR,astirr,18.8,19.9,1.1
BR1,7,DR,EPHTOR,19.5,19.95,0.45
BR1,7,DR,HERB,17.1,22.1,5
BR1,7,DR,EPHTOR,21.6,21.7,0.1
BR1,7,DR,OPUCHI,21.8,22.5,0.7
BR1,7,DR,RHUMIC,22.7,24.5,1.8
BR1,7,DR,RHUVIR,22.8,24.1,1.3
BR1,7,DR,astirr,24.6,24.9,0.3
BR1,7,DR,AGAHAV,24.8,25,0.2
BR1,7,DR,BG,25,25.8,0.8
BR1,7,DR,MIMACU,25.8,26.5,0.7
BR1,7,DR,astirr,26.5,26.7,0.2
BR1,7,DR,NOLERU,26.8,28.1,1.3
BR1,7,DR,astirr,27.6,28,0.4
BR1,7,DR,MAHTRI,27.3,27.6,0.3
BR1,7,DR,astirr,28.1,28.5,0.4
BR1,7,DR,astirr,28.3,28.5,0.2
BR1,7,DR,BG,28.5,29.5,1
BR1,7,DR,JUNPIN,29.5,29.8,0.3
BR1,7,DR,RHUMIC,29.7,35.6,5.9
BR1,7,DR,RHUVIR,30.1,32.4,2.3
BR1,7,DR,fascic,30.95,32.2,1.25
BR1,7,DR,MAHTRI,32.15,32.4,0.25
BR1,7,DR,JUNPIN,32.6,33.5,0.9
BR1,7,DR,DIOTEX,43.6,43.8,0.2
BR1,7,DR,JUNPIN,35,38.1,3.1
BR1,7,DR,BG,38.1,39.3,1.2
BR1,7,DR,HERB,39.3,40.2,0.9
BR1,7,DR,BG,40.2,42,1.8
BR1,7,DR,DASLEI,42,43.4,1.4
BR1,7,DR,JUNPIN,43.4,44.5,1.1
BR1,7,DR,HERB,43.5,43.9,0.4
BR1,7,DR,NOLERU,44.2,45.6,1.4
BR1,7,DR,BG,45.1,46.5,1.4
BR1,7,DR,HERB,46.5,47,0.5
BR1,7,DR,EPHTOR,47,48.2,1.2
BR1,7,DR,OPUCHI,47.3,47.7,0.4
BR1,7,DR,astirr,47.5,48.3,0.8
BR1,7,DR,oppwoo,48.7,49,0.3
BR1,7,DR,BG,48.3,48.7,0.4
BR1,7,DR,HERB,49,50,1
BR1,7,DR,ACACON,49.6,50,0.4
C1,1,AW,BG,0,0.5,0.5
C1,1,AW,HERB,0.5,0.6,0.1
C1,1,AW,BG,0.6,1,0.4
C1,1,AW,HERB,1,1.1,0.1
C1,1,AW,BG,1.1,1.35,0.25
C1,1,AW,HERB,1.35,1.4,0.05
C1,1,AW,BG,1.4,1.7,0.3
C1,1,AW,HERB,1.7,1.8,0.1
C1,1,AW,BG,1.8,2.8,1
C1,1,AW,HERB,2.8,2.85,0.05
C1,1,AW,BG,2.85,3.5,0.65
C1,1,AW,thidea,3.5,4.1,0.6
C1,1,AW,BG,4.1,4.7,0.6
C1,1,AW,thidea,4.7,4.9,0.2
C1,1,AW,BG,4.9,5.3,0.4
C1,1,AW,HERB,5.3,5.4,0.1
C1,1,AW,BG,5.4,5.65,0.25
C1,1,AW,legmin,5.65,5.9,0.25
C1,1,AW,BG,5.9,7.3,1.4
C1,1,AW,HERB,7.3,7.35,0.05
C1,1,AW,BG,7.35,8,0.65
C1,1,AW,legmin,8,8.15,0.15
C1,1,AW,BG,8.15,8.25,0.1
C1,1,AW,HERB,8.25,8.3,0.05
C1,1,AW,BG,8.3,8.45,0.15
C1,1,AW,HERB,8.45,8.6,0.15
C1,1,AW,legmin,8.6,8.8,0.2
C1,1,AW,BG,8.8,9.55,0.75
C1,1,AW,legmin,9.55,9.7,0.15
C1,1,AW,BG,9.7,11.35,1.65
C1,1,AW,legmin,11.35,11.6,0.25
C1,1,AW,BG,11.6,12.7,1.1
C1,1,AW,legmin,12.7,13,0.3
C1,1,AW,BG,13,13.3,0.3
C1,1,AW,legmin,13.3,13.9,0.6
C1,1,AW,BG,13.9,14.3,0.4
C1,1,AW,AGALEC,14.3,16,1.7
C1,1,AW,astirr,15.9,16.2,0.3
C1,1,AW,BG,16.2,17.2,1
C1,1,AW,HERB,17.2,17.65,0.45
C1,1,AW,BG,17.65,19.15,1.5
C1,1,AW,ACAGRE,19.15,19.45,0.3
C1,1,AW,BG,19.45,19.85,0.4
C1,1,AW,ACAGRE,19.85,20.05,0.2
C1,1,AW,BG,20.05,20.9,0.85
C1,1,AW,astirr,20.9,21,0.1
C1,1,AW,BG,21,21.5,0.5
C1,1,AW,legmin,21.5,21.65,0.15
C1,1,AW,AGALEC,21.65,22.4,0.75
C1,1,AW,BG,22.4,23.7,1.3
C1,1,AW,AGALEC,23.7,23.85,0.15
C1,1,AW,BG,23.85,24.4,0.55
C1,1,AW,AGALEC,24.4,25.7,1.3
C1,1,AW,BG,25.7,27.5,1.8
C1,1,AW,HERB,27.5,27.55,0.05
C1,1,AW,legmin,27.55,28.45,0.9
C1,1,AW,BG,28.45,29.05,0.6
C1,1,AW,legmin,29.05,29.2,0.15
C1,1,AW,BG,29.2,29.35,0.15
C1,1,AW,HERB,29.35,29.4,0.05
C1,1,AW,BG,29.4,29.75,0.35
C1,1,AW,HERB,29.75,29.9,0.15
C1,1,AW,BG,29.9,30.25,0.35
C1,1,AW,legmin,30.25,30.4,0.15
C1,1,AW,BG,30.4,30.7,0.3
C1,1,AW,HERB,30.7,30.8,0.1
C1,1,AW,BG,30.8,31.5,0.7
C1,1,AW,HERB,31.5,31.55,0.05
C1,1,AW,BG,31.55,33.1,1.55
C1,1,AW,HERB,33.1,33.3,0.2
C1,1,AW,BG,33.3,34,0.7
C1,1,AW,legmin,34,34.2,0.2
C1,1,AW,BG,34.2,35.7,1.5
C1,1,AW,astirr,35.7,36,0.3
C1,1,AW,BG,36,36.4,0.4
C1,1,AW,HERB,36.4,36.5,0.1
C1,1,AW,BG,36.5,38.1,1.6
C1,1,AW,LEUCAN,38.1,38.35,0.25
C1,1,AW,astirr,38.2,38.8,0.6
C1,1,AW,BG,38.8,40.1,1.3
C1,1,AW,legmin,40.1,40.9,0.8
C1,1,AW,BG,40.9,41.7,0.8
C1,1,AW,HERB,41.7,42.1,0.4
C1,1,AW,BG,42.1,42.7,0.6
C1,1,AW,HERB,42.7,43.3,0.6
C1,1,AW,BG,43.3,44.7,1.4
C1,1,AW,HERB,44.7,45.1,0.4
C1,1,AW,BG,45.1,45.9,0.8
C1,1,AW,HERB,45.9,46.1,0.2
C1,1,AW,BG,46.1,48,1.9
C1,1,AW,HERB,48,50,2
C1,1,AW,ACAGRE,48.5,50,1.5
C1,2,AW,BG,0,0.35,0.35
C1,2,AW,HERB,0.35,0.4,0.05
C1,2,AW,BG,0.4,0.55,0.15
C1,2,AW,HERB,0.5,0.6,0.1
C1,2,AW,BG,0.6,2,1.4
C1,2,AW,HERB,2,2.5,0.5
C1,2,AW,BG,2.5,2.95,0.45
C1,2,AW,HERB,2.95,3.2,0.25
C1,2,AW,BG,3.2,4.2,1
C1,2,AW,LARTRI,4.2,5.5,1.3
C1,2,AW,BG,5.5,6.15,0.65
C1,2,AW,AGALEC,6.15,7.2,1.05
C1,2,AW,BG,7.2,8.1,0.9
C1,2,AW,HERB,8.1,8.4,0.3
C1,2,AW,BG,8.4,9.8,1.4
C1,2,AW,astirr,9.8,11,1.2
C1,2,AW,BG,11,13.5,2.5
C1,2,AW,OPUDUL,13.5,14.5,1
C1,2,AW,BG,14.5,15.5,1
C1,2,AW,HERB,15.5,15.6,0.1
C1,2,AW,BG,15.6,17.3,1.7
C1,2,AW,HERB,17.3,17.7,0.4
C1,2,AW,BG,17.7,18.2,0.5
C1,2,AW,LARTRI,18.2,18.9,0.7
C1,2,AW,HERB,18.6,19,0.4
C1,2,AW,BG,19,21.2,2.2
C1,2,AW,AGALEC,21.2,21.6,0.4
C1,2,AW,BG,21.6,23.5,1.9
C1,2,AW,AGALEC,23.5,23.6,0.1
C1,2,AW,BG,23.6,24.6,1
C1,2,AW,astirr,24.6,25.5,0.9
C1,2,AW,BG,25.5,27.45,1.95
C1,2,AW,HERB,27.45,27.7,0.25
C1,2,AW,BG,27.7,29.3,1.6
C1,2,AW,HERB,29.3,30.2,0.9
C1,2,AW,BG,30.2,31.3,1.1
C1,2,AW,HERB,31.3,31.4,0.1
C1,2,AW,BG,31.4,31.7,0.3
C1,2,AW,AGALEC,31.7,32,0.3
C1,2,AW,BG,32,32.4,0.4
C1,2,AW,HERB,32.4,33.6,1.2
C1,2,AW,thidea,33,33.6,0.6
C1,2,AW,BG,33.6,34.6,1
C1,2,AW,HERB,34.6,34.7,0.1
C1,2,AW,BG,34.7,35.5,0.8
C1,2,AW,HERB,35.5,35.6,0.1
C1,2,AW,BG,35.6,36.4,0.8
C1,2,AW,HERB,36.4,36.6,0.2
C1,2,AW,BG,36.6,38.1,1.5
C1,2,AW,HERB,38.1,38.7,0.6
C1,2,AW,AGALEC,38.7,39,0.3
C1,2,AW,HERB,38.9,39.5,0.6
C1,2,AW,AGALEC,39.2,39.3,0.1
C1,2,AW,AGALEC,39.5,39.6,0.1
C1,2,AW,BG,39.6,40.2,0.6
C1,2,AW,legmin,40.2,40.3,0.1
C1,2,AW,BG,40.3,40.7,0.4
C1,2,AW,HERB,40.7,40.8,0.1
C1,2,AW,BG,40.8,42.2,1.4
C1,2,AW,HERB,42.2,42.6,0.4
C1,2,AW,AGALEC,42.6,43.5,0.9
C1,2,AW,BG,43.5,47.1,3.6
C1,2,AW,HERB,47.1,47.2,0.1
C1,2,AW,BG,47.2,47.8,0.6
C1,2,AW,HERB,47.8,48,0.2
C1,2,AW,AGALEC,48,48.2,0.2
C1,2,AW,BG,48.2,48.8,0.6
C1,2,AW,HERB,48.8,49.1,0.3
C1,2,AW,BG,49.1,50,0.9
C1,3,HC,legmin,0,0.2,0.2
C1,3,HC,BG,0.2,0.93,0.73
C1,3,HC,legmin,0.95,1.2,0.25
C1,3,HC,astirr,1,1.35,0.35
C1,3,HC,BG,1.35,5.6,4.25
C1,3,HC,HERB,5.6,6.6,1
C1,3,HC,astirr,6.6,7.7,1.1
C1,3,HC,DALFOR,7.9,8.1,0.2
C1,3,HC,BG,8.1,9.9,1.8
C1,3,HC,HERB,9.9,10.7,0.8
C1,3,HC,LEUCAN,10.7,11.8,1.1
C1,3,HC,BG,11.8,12.15,0.35
C1,3,HC,ACAGRE,12.2,13.15,0.95
C1,3,HC,BG,13.15,14.4,1.25
C1,3,HC,HERB,14.4,14.75,0.35
C1,3,HC,BG,14.75,15.5,0.75
C1,3,HC,HERB,15.5,16.1,0.6
C1,3,HC,BG,16.1,18.9,2.8
C1,3,HC,AGALEC,19,19.4,0.4
C1,3,HC,HERB,19.4,21.1,1.7
C1,3,HC,BG,21.1,22.1,1
C1,3,HC,ACAGRE,22.1,24.6,2.5
C1,3,HC,astirr,23.9,24.6,0.7
C1,3,HC,BG,24.6,27.1,2.5
C1,3,HC,HERB,27.2,29.5,2.3
C1,3,HC,BG,29.5,34.6,5.1
C1,3,HC,AGALEC,34.6,34.95,0.35
C1,3,HC,astirr,34.9,36.15,1.25
C1,3,HC,AGALEC,35.75,36.1,0.35
C1,3,HC,BG,36.1,37.9,1.8
C1,3,HC,astirr,37.9,38.2,0.3
C1,3,HC,BG,38.2,40.2,2
C1,3,HC,HERB,40.2,41.8,1.6
C1,3,HC,BG,41.8,45,3.2
C1,3,HC,astirr,45,46.05,1.05
C1,3,HC,BG,46.05,46.6,0.55
C1,3,HC,AGALEC,46.6,50,3.4
C1,4,HC,HERB,0,0.4,0.4
C1,4,HC,BG,0.4,3.3,2.9
C1,4,HC,LARTRI,3.3,4.4,1.1
C1,4,HC,HERB,4.4,5.1,0.7
C1,4,HC,BG,5.1,6.1,1
C1,4,HC,OPUAZU,6.1,6.3,0.2
C1,4,HC,BG,6.3,10.3,4
C1,4,HC,BG,10.3,15.7,5.4
C1,4,HC,astirr,15.7,16.3,0.6
C1,4,HC,HERB,16.3,17.4,1.1
C1,4,HC,BG,17.4,19.4,2
C1,4,HC,astirr,19.4,19.9,0.5
C1,4,HC,BG,19.9,22,2.1
C1,4,HC,astirr,22,23.2,1.2
C1,4,HC,HERB,23.2,24.4,1.2
C1,4,HC,BG,24.4,25.3,0.9
C1,4,HC,astirr,25.4,26,0.6
C1,4,HC,HERB,26,27,1
C1,4,HC,BG,27,29.7,2.7
C1,4,HC,ACAGRE,29.75,31.5,1.75
C1,4,HC,HERB,31.5,32.6,1.1
C1,4,HC,astirr,32.6,33.5,0.9
C1,4,HC,BG,33.5,36.6,3.1
C1,4,HC,HERB,36.6,38.8,2.2
C1,4,HC,BG,38.8,42.1,3.3
C1,4,HC,legmin,42.1,43.1,1
C1,4,HC,DASLEI,42.2,43.2,1
C1,4,HC,BG,43.2,45.9,2.7
C1,4,HC,legmin,45.9,46.2,0.3
C1,4,HC,BG,46.2,46.2,0
C1,4,HC,legmin,46.4,46.6,0.2
C1,4,HC,BG,46.6,48.5,1.9
C1,4,HC,OPUAZU,48.5,48.8,0.3
C1,4,HC,BG,48.8,50,1.2
C1,5,HC,legmin,0,0.4,0.4
C1,5,HC,astirr,0.2,1.7,1.5
C1,5,HC,AGALEC,1.1,1.6,0.5
C1,5,HC,AGALEC,1.7,1.95,0.25
C1,5,HC,AGALEC,2.15,2.6,0.45
C1,5,HC,BG,2.6,4.4,1.8
C1,5,HC,HERB,4.4,9.1,4.7
C1,5,HC,astirr,9.1,10.6,1.5
C1,5,HC,BG,10.6,10.9,0.3
C1,5,HC,astirr,10.9,11.5,0.6
C1,5,HC,BG,11.5,12.6,1.1
C1,5,HC,astirr,12.6,13.4,0.8
C1,5,HC,OPUDUL,13.4,14.2,0.8
C1,5,HC,astirr,14.2,15.5,1.3
C1,5,HC,BG,15.5,20.1,4.6
C1,5,HC,astirr,20.1,20.55,0.45
C1,5,HC,HERB,20.55,21.7,1.15
C1,5,HC,AGALEC,21.7,22.2,0.5
C1,5,HC,BG,22.2,22.4,0.2
C1,5,HC,AGALEC,22.4,22.6,0.2
C1,5,HC,BG,22.6,24.1,1.5
C1,5,HC,HERB,24.1,27.8,3.7
C1,5,HC,AGALEC,27.85,28.5,0.65
C1,5,HC,BG,28.5,30.25,1.75
C1,5,HC,EPHTOR,30.25,31.05,0.8
C1,5,HC,HERB,31.05,31.9,0.85
C1,5,HC,BG,31.9,33,1.1
C1,5,HC,HERB,33,33.7,0.7
C1,5,HC,legmin,33.7,33.85,0.15
C1,5,HC,legmin,33.85,34.1,0.25
C1,5,HC,HERB,34.15,35.15,1
C1,5,HC,BG,35.15,36.35,1.2
C1,5,HC,HERB,36.35,37.1,0.75
C1,5,HC,BG,37.1,38.1,1
C1,5,HC,HERB,38.1,38.5,0.4
C1,5,HC,BG,38.5,39.65,1.15
C1,5,HC,HERB,39.65,41.2,1.55
C1,5,HC,BG,41.2,42.1,0.9
C1,5,HC,HERB,42.1,42.6,0.5
C1,5,HC,BG,42.6,43.3,0.7
C1,5,HC,astirr,43.3,44.3,1
C1,5,HC,BG,44.3,45.5,1.2
C1,5,HC,AGALEC,45.5,45.8,0.3
C1,5,HC,BG,45.8,48.8,3
C1,5,HC,HERB,48.8,49.05,0.25
C1,5,HC,BG,49.05,49.85,0.8
C1,5,HC,legmin,49.85,50,0.15
C1,6,MS,BG,0,8.5,8.5
C1,6,MS,HERB,8.5,11.2,2.7
C1,6,MS,AGALEC,11.2,11.64,0.44
C1,6,MS,BG,11.64,11.97,0.33
C1,6,MS,ACAGRE,12.82,12.9,0.08
C1,6,MS,AGALEC,12.5,12.79,0.29
C1,6,MS,HERB,12.79,13.07,0.28
C1,6,MS,AGALEC,13.07,13.66,0.59
C1,6,MS,BG,13.66,14.96,1.3
C1,6,MS,HERB,14.96,15.46,0.5
C1,6,MS,ACAGRE,15.46,17.25,1.79
C1,6,MS,astirr,16.6,17.24,0.64
C1,6,MS,AGALEC,17.45,17.73,0.28
C1,6,MS,HERB,17.73,20.35,2.62
C1,6,MS,AGALEC,20.35,20.81,0.46
C1,6,MS,ACAGRE,20.72,21.41,0.69
C1,6,MS,BG,21.41,24.5,3.09
C1,6,MS,HERB,24.5,25.98,1.48
C1,6,MS,AGALEC,25.98,26.39,0.41
C1,6,MS,astirr,26.54,27.19,0.65
C1,6,MS,HERB,27.19,28.15,0.96
C1,6,MS,astirr,28.15,28.8,0.65
C1,6,MS,DALFOR,28.72,29.5,0.78
C1,6,MS,HERB,29.3,30.35,1.05
C1,6,MS,astirr,30.35,31.32,0.97
C1,6,MS,HERB,31.35,31.6,0.25
C1,6,MS,BG,31.6,32.88,1.28
C1,6,MS,HERB,32.88,34.15,1.27
C1,6,MS,astirr,34.15,34.78,0.63
C1,6,MS,DASLEI,34.3,35.89,1.59
C1,6,MS,BG,35.89,39.9,4.01
C1,6,MS,HERB,39.9,48.7,8.8
C1,6,MS,ACAGRE,48.71,49.38,0.67
C1,6,MS,ARTLUD,48.97,49.26,0.29
C1,6,MS,BG,49.4,49.95,0.55
C1,6,MS,LARTRI,49.95,50,0.05
C1,7,MS,HERB,0,0.5,0.5
C1,7,MS,BG,0.5,2.48,1.98
C1,7,MS,AGALEC,2.48,4.21,1.73
C1,7,MS,BG,4.21,4.84,0.63
C1,7,MS,AGALEC,4.84,5.56,0.72
C1,7,MS,BG,5.56,6.22,0.66
C1,7,MS,AGALEC,6.22,6.68,0.46
C1,7,MS,BG,6.68,7.57,0.89
C1,7,MS,astirr,7.57,7.63,0.06
C1,7,MS,ACAGRE,7.9,8.83,0.93
C1,7,MS,BG,7.63,7.9,0.27
C1,7,MS,DASLEI,8.43,9.08,0.65
C1,7,MS,BG,9.08,10.7,1.62
C1,7,MS,astirr,10.7,11.03,0.33
C1,7,MS,BG,11.03,18.3,7.27
C1,7,MS,astirr,18.3,19.91,1.61
C1,7,MS,BG,19.91,20.18,0.27
C1,7,MS,astirr,20.18,20.43,0.25
C1,7,MS,BG,20.43,21.4,0.97
C1,7,MS,DASLEI,21.4,21.87,0.47
C1,7,MS,AGALEC,21.76,22.22,0.46
C1,7,MS,BG,22.22,22.5,0.28
C1,7,MS,AGALEC,22.5,22.68,0.18
C1,7,MS,BG,22.68,22.93,0.25
C1,7,MS,AGALEC,22.93,23.66,0.73
C1,7,MS,BG,23.66,24.23,0.57
C1,7,MS,AGALEC,24.23,25.14,0.91
C1,7,MS,BG,25.14,26.55,1.41
C1,7,MS,AGALEC,26.55,26.67,0.12
C1,7,MS,BG,26.67,27.07,0.4
C1,7,MS,AGALEC,27.07,27.13,0.06
C1,7,MS,DALFOR,27.28,28.09,0.81
C1,7,MS,AGALEC,28.1,28.23,0.13
C1,7,MS,BG,28.23,29.1,0.87
C1,7,MS,DALFOR,29.1,29.43,0.33
C1,7,MS,BG,29.43,34.85,5.42
C1,7,MS,AGALEC,34.85,35.22,0.37
C1,7,MS,BG,35.32,35.56,0.24
C1,7,MS,AGALEC,35.56,35.93,0.37
C1,7,MS,BG,35.93,36.14,0.21
C1,7,MS,AGALEC,36.14,37.43,1.29
C1,7,MS,BG,37.43,38.28,0.85
C1,7,MS,HERB,38.28,39.1,0.82
C1,7,MS,astirr,39.1,39.95,0.85
C1,7,MS,AGALEC,39.3,40.14,0.84
C1,7,MS,ACAGRE,39.28,39.59,0.31
C1,7,MS,BG,40.5,42.94,2.44
C1,7,MS,HERB,42.94,43.65,0.71
C1,7,MS,LEUCAN,43.63,44.48,0.85
C1,7,MS,AGALEC,44.4,44.81,0.41
C1,7,MS,BG,44.81,45.11,0.3
C1,7,MS,HERB,45.11,46.25,1.14
C1,7,MS,BG,46.25,50,3.75
C1,8,MS,BG,0,2.25,2.25
C1,8,MS,DALFOR,2.25,2.5,0.25
C1,8,MS,BG,2.5,4.25,1.75
C1,8,MS,AGALEC,4.25,4.54,0.29
C1,8,MS,HERB,4.54,5,0.46
C1,8,MS,BG,5,7.13,2.13
C1,8,MS,ACAGRE,7.13,8.44,1.31
C1,8,MS,HERB,8.44,9.25,0.81
C1,8,MS,BG,9.25,11.6,2.35
C1,8,MS,HERB,11.6,12.69,1.09
C1,8,MS,BG,12.69,13.2,0.51
C1,8,MS,HERB,13.2,13.8,0.6
C1,8,MS,AGALEC,14.3,14.6,0.3
C1,8,MS,BG,13.9,14.5,0.6
C1,8,MS,BG,14.77,15.56,0.79
C1,8,MS,AGALEC,15.56,15.8,0.24
C1,8,MS,BG,15.8,17.13,1.33
C1,8,MS,astirr,17.13,18,0.87
C1,8,MS,AGALEC,17.69,18.63,0.94
C1,8,MS,ACAGRE,18.7,19.85,1.15
C1,8,MS,astirr,19.5,19.9,0.4
C1,8,MS,HERB,19.9,20.65,0.75
C1,8,MS,ACASCH,20.6,21.5,0.9
C1,8,MS,HERB,21.3,21.8,0.5
C1,8,MS,BG,21.8,26.93,5.13
C1,8,MS,HERB,26.93,28.5,1.57
C1,8,MS,ACASCH,28.5,29.2,0.7
C1,8,MS,BG,29.2,30.3,1.1
C1,8,MS,AGALEC,30.3,30.82,0.52
C1,8,MS,LARTRI,30.41,31.09,0.68
C1,8,MS,BG,31.09,31.84,0.75
C1,8,MS,ACASCH,31.84,32.6,0.76
C1,8,MS,HERB,32.6,35.7,3.1
C1,8,MS,ACASCH,32.22,35.63,3.41
C1,8,MS,BG,35.7,37.29,1.59
C1,8,MS,ARTLUD,37.29,37.65,0.36
C1,8,MS,HERB,37.65,38.44,0.79
C1,8,MS,BG,38.44,41.05,2.61
C1,8,MS,HERB,41.05,42.51,1.46
C1,8,MS,BG,42.51,43.53,1.02
C1,8,MS,HERB,43.53,44,0.47
C1,8,MS,BG,44,44.4,0.4
C1,8,MS,AGALEC,44.4,44.75,0.35
C1,8,MS,HERB,44.75,45.8,1.05
C1,8,MS,ACASCH,45.8,46.35,0.55
C1,8,MS,BG,46.35,49.1,2.75
C1,8,MS,HERB,49.1,50,0.9
C1,9,DR,BG,0,0.4,0.4
C1,9,DR,HERB,0.4,0.65,0.25
C1,9,DR,BG,0.65,1.1,0.45
C1,9,DR,HERB,1.1,1.3,0.2
C1,9,DR,BG,1.3,1.7,0.4
C1,9,DR,HERB,1.7,2.1,0.4
C1,9,DR,BG,2.1,3.4,1.3
C1,9,DR,HERB,3.4,8.2,4.8
C1,9,DR,OPUDUL,4.9,6.25,1.35
C1,9,DR,BG,8.2,8.9,0.7
C1,9,DR,HERB,8.9,11.9,3
C1,9,DR,astirr,9.1,9.9,0.8
C1,9,DR,astirr,10.7,11.3,0.6
C1,9,DR,BG,11.9,13.7,1.8
C1,9,DR,OPUDUL,13.7,13.8,0.1
C1,9,DR,HERB,13.8,14.1,0.3
C1,9,DR,BG,14.1,15.3,1.2
C1,9,DR,HERB,15.3,15.8,0.5
C1,9,DR,BG,15.8,16.3,0.5
C1,9,DR,OPUDUL,16.3,16.5,0.2
C1,9,DR,HERB,17.3,20.2,2.9
C1,9,DR,BG,20.2,20.8,0.6
C1,9,DR,HERB,20.8,23.5,2.7
C1,9,DR,astirr,21.1,21.5,0.4
C1,9,DR,BG,23.5,24.9,1.4
C1,9,DR,HERB,24.9,25.3,0.4
C1,9,DR,BG,25.3,26.5,1.2
C1,9,DR,HERB,26.5,28.3,1.8
C1,9,DR,astirr,26.9,28,1.1
C1,9,DR,BG,28.3,29,0.7
C1,9,DR,AGALEC,29,30.9,1.9
C1,9,DR,HERB,29.1,29.25,0.15
C1,9,DR,AGALEC,29.2,32.05,2.85
C1,9,DR,BG,30.9,33.3,2.4
C1,9,DR,HERB,32.05,35.7,3.65
C1,9,DR,BG,33.3,36.4,3.1
C1,9,DR,HERB,35.7,39.4,3.7
C1,9,DR,BG,36.4,39.4,3
C1,9,DR,astirr,39.4,40.2,0.8
C1,9,DR,HERB,40.2,41.4,1.2
C1,9,DR,AGALEC,40.35,40.7,0.35
C1,9,DR,BG,41.4,44.1,2.7
C1,9,DR,HERB,44.1,45,0.9
C1,9,DR,BG,45,45.5,0.5
C1,9,DR,HERB,45.5,47.8,2.3
C1,9,DR,astirr,46,46.5,0.5
C1,9,DR,BG,47.8,49,1.2
C1,9,DR,OPUAZU,49,50,1
C2,1,AW,JATDIO,0,0.4,0.4
C2,1,AW,BG,0.4,1.9,1.5
C2,1,AW,AGALEC,1.9,2.2,0.3
C2,1,AW,thigra,2.2,3.1,0.9
C2,1,AW,astirr,3.1,3.5,0.4
C2,1,AW,BG,3.5,4.8,1.3
C2,1,AW,JATDIO,4.8,5.9,1.1
C2,1,AW,astirr,5.9,6.4,0.5
C2,1,AW,BG,6.4,6.5,0.1
C2,1,AW,AGALEC,6.5,6.7,0.2
C2,1,AW,BG,6.7,7.2,0.5
C2,1,AW,JATDIO,7.2,7.45,0.25
C2,1,AW,BG,7.45,8.1,0.65
C2,1,AW,JATDIO,8.1,8.5,0.4
C2,1,AW,BG,8.5,11.8,3.3
C2,1,AW,HERB,11.8,12.3,0.5
C2,1,AW,BG,12.3,18.2,5.9
C2,1,AW,OPULEP,18.2,18.8,0.6
C2,1,AW,BG,18.8,19.9,1.1
C2,1,AW,JATDIO,19.9,20.5,0.6
C2,1,AW,GUAANG,20.5,22,1.5
C2,1,AW,BG,22,24,2
C2,1,AW,JATDIO,24,25,1
C2,1,AW,BG,25,27.7,2.7
C2,1,AW,AGALEC,27.7,27.8,0.1
C2,1,AW,BG,27.8,28.1,0.3
C2,1,AW,HERB,28.1,28.4,0.3
C2,1,AW,BG,28.4,30,1.6
C2,1,AW,AGALEC,30,30.6,0.6
C2,1,AW,thigra,30.6,31.3,0.7
C2,1,AW,AGALEC,30.8,31.3,0.5
C2,1,AW,BG,31.3,32.4,1.1
C2,1,AW,AGALEC,32.4,33,0.6
C2,1,AW,BG,33,42,9
C2,1,AW,LARTRI,42,43.8,1.8
C2,1,AW,LEUCAN,43.8,44.8,1
C2,1,AW,BG,44.8,45.8,1
C2,1,AW,OPULEP,45.8,46.2,0.4
C2,1,AW,AGALEC,46.1,46.4,0.3
C2,1,AW,OPULEP,47.2,47.5,0.3
C2,1,AW,LARTRI,47.5,50,2.5
C2,2,AW,BG,0,1.8,1.8
C2,2,AW,HERB,1.8,2.4,0.6
C2,2,AW,BG,2.4,5.2,2.8
C2,2,AW,HERB,5.2,5.4,0.2
C2,2,AW,BG,5.4,7.3,1.9
C2,2,AW,HERB,7.3,7.7,0.4
C2,2,AW,BG,7.7,11,3.3
C2,2,AW,GUAANG,11,11.3,0.3
C2,2,AW,BG,11.3,12.1,0.8
C2,2,AW,GUAANG,12.1,12.3,0.2
C2,2,AW,BG,12.3,13.9,1.6
C2,2,AW,astirr,13.9,14.6,0.7
C2,2,AW,BG,14.6,15.5,0.9
C2,2,AW,AGALEC,15.5,15.7,0.2
C2,2,AW,BG,15.7,20,4.3
C2,2,AW,AGALEC,20,20.4,0.4
C2,2,AW,BG,20.4,20.9,0.5
C2,2,AW,HERB,20.9,21,0.1
C2,2,AW,BG,21,21.8,0.8
C2,2,AW,AGALEC,21.8,21.9,0.1
C2,2,AW,BG,21.9,22.6,0.7
C2,2,AW,AGALEC,22.6,24,1.4
C2,2,AW,BG,24,24.8,0.8
C2,2,AW,HERB,24.8,24.9,0.1
C2,2,AW,BG,24.9,26.8,1.9
C2,2,AW,JATDIO,26.8,27.2,0.4
C2,2,AW,HERB,27.2,28.2,1
C2,2,AW,BG,28.2,29.3,1.1
C2,2,AW,AGALEC,29.3,29.5,0.2
C2,2,AW,BG,29.5,30.1,0.6
C2,2,AW,AGALEC,30.1,30.5,0.4
C2,2,AW,BG,30.5,31.7,1.2
C2,2,AW,AGALEC,31.7,32,0.3
C2,2,AW,BG,32,33.2,1.2
C2,2,AW,AGALEC,33.2,33.5,0.3
C2,2,AW,BG,33.5,34.1,0.6
C2,2,AW,AGALEC,34.1,34.4,0.3
C2,2,AW,BG,34.4,35,0.6
C2,2,AW,AGALEC,35,35.3,0.3
C2,2,AW,BG,35.3,38.4,3.1
C2,2,AW,AGALEC,38.4,38.8,0.4
C2,2,AW,HERB,38.8,39.1,0.3
C2,2,AW,BG,39.1,40.3,1.2
C2,2,AW,AGALEC,40.3,40.9,0.6
C2,2,AW,JATDIO,40.9,41.4,0.5
C2,2,AW,BG,41.4,42.4,1
C2,2,AW,AGALEC,42.4,42.6,0.2
C2,2,AW,BG,42.6,46,3.4
C2,2,AW,HERB,46,46.7,0.7
C2,2,AW,AGALEC,46.7,48,1.3
C2,2,AW,HERB,48,48.5,0.5
C2,2,AW,BG,48.5,50,1.5
C2,3,AW,BG,0,3.65,3.65
C2,3,AW,AGALEC,3.65,3.75,0.1
C2,3,AW,JATDIO,3.7,3.8,0.1
C2,3,AW,BG,3.8,4.4,0.6
C2,3,AW,HERB,4.4,4.9,0.5
C2,3,AW,JATDIO,4.9,5,0.1
C2,3,AW,AGALEC,5.2,5.4,0.2
C2,3,AW,BG,5.4,6.9,1.5
C2,3,AW,AGALEC,6.9,7.3,0.4
C2,3,AW,JATDIO,7.3,8.7,1.4
C2,3,AW,BG,8.7,11.8,3.1
C2,3,AW,thigra,11.8,12,0.2
C2,3,AW,BG,12,13.2,1.2
C2,3,AW,HERB,13.2,16.3,3.1
C2,3,AW,JATDIO,16.3,17.2,0.9
C2,3,AW,BG,17.2,18.6,1.4
C2,3,AW,HERB,18.6,19.7,1.1
C2,3,AW,BG,19.7,22.2,2.5
C2,3,AW,PROGLA,22.2,22.8,0.6
C2,3,AW,BG,22.8,23.9,1.1
C2,3,AW,HERB,23.9,24.1,0.2
C2,3,AW,BG,24.1,24.6,0.5
C2,3,AW,HERB,24.6,25.4,0.8
C2,3,AW,BG,25.4,25.7,0.3
C2,3,AW,AGALEC,25.7,25.9,0.2
C2,3,AW,fuzbal,25.9,26.35,0.45
C2,3,AW,BG,26.35,27.1,0.75
C2,3,AW,HERB,27.1,27.4,0.3
C2,3,AW,BG,27.4,29,1.6
C2,3,AW,HERB,29,29.5,0.5
C2,3,AW,BG,29.5,33.9,4.4
C2,3,AW,PROGLA,33.9,37.4,3.5
C2,3,AW,BG,37.4,41.8,4.4
C2,3,AW,AGALEC,41.8,42,0.2
C2,3,AW,BG,42,42.4,0.4
C2,3,AW,HERB,42.4,42.9,0.5
C2,3,AW,BG,42.9,43.7,0.8
C2,3,AW,AGALEC,43.7,44.7,1
C2,3,AW,BG,44.7,46.3,1.6
C2,3,AW,HERB,46.3,46.6,0.3
C2,3,AW,BG,46.6,48.3,1.7
C2,3,AW,AGALEC,48.3,48.9,0.6
C2,3,AW,BG,48.9,50,1.1
C2,4,HC,JATDIO,0,0.5,0.5
C2,4,HC,JATDIO,0.45,1.2,0.75
C2,4,HC,LARTRI,1.1,2.1,1
C2,4,HC,BG,2.25,3.3,1.05
C2,4,HC,JATDIO,3.3,5.6,2.3
C2,4,HC,BG,5.65,6.9,1.25
C2,4,HC,JATDIO,6.95,8.2,1.25
C2,4,HC,JATDIO,8.3,8.85,0.55
C2,4,HC,LARTRI,8.9,10.2,1.3
C2,4,HC,LEUCAN,9.6,10.45,0.85
C2,4,HC,JATDIO,10.3,11.3,1
C2,4,HC,BG,11.35,12.15,0.8
C2,4,HC,LARTRI,12.2,12.65,0.45
C2,4,HC,BG,12.65,12.9,0.25
C2,4,HC,JATDIO,12.9,14.35,1.45
C2,4,HC,OPUAZU,13.2,13.6,0.4
C2,4,HC,BG,14.2,16.05,1.85
C2,4,HC,AGALEC,16.1,16.35,0.25
C2,4,HC,BG,16.4,18.7,2.3
C2,4,HC,JATDIO,18.7,19.1,0.4
C2,4,HC,LARTRI,19.05,19.9,0.85
C2,4,HC,HERB,19.95,23.7,3.75
C2,4,HC,BG,23.7,26.3,2.6
C2,4,HC,AGALEC,26.3,26.7,0.4
C2,4,HC,ACASCH,26.5,26.9,0.4
C2,4,HC,JATDIO,26.7,26.9,0.2
C2,4,HC,BG,27.3,28.4,1.1
C2,4,HC,OPUGRA,28.5,28.7,0.2
C2,4,HC,BG,28.75,31.1,2.35
C2,4,HC,JATDIO,31.1,32.35,1.25
C2,4,HC,HERB,32.4,33.85,1.45
C2,4,HC,LEUCAN,33.9,35.15,1.25
C2,4,HC,HERB,35.2,39.3,4.1
C2,4,HC,BG,39.35,40.1,0.75
C2,4,HC,HERB,40.15,40.55,0.4
C2,4,HC,BG,40.55,41.2,0.65
C2,4,HC,HERB,41.2,44.2,3
C2,4,HC,LEUCAN,44.25,44.55,0.3
C2,4,HC,LEUCAN,44.6,46.1,1.5
C2,4,HC,astirr,46.1,47.2,1.1
C2,4,HC,BG,47.25,48.5,1.25
C2,4,HC,astspo,48.5,49.3,0.8
C2,4,HC,BG,49.3,50,0.7
C2,5,HC,LARTRI,0,0.7,0.7
C2,5,HC,BG,0.7,0.9,0.2
C2,5,HC,fuzbal,0.9,1.25,0.35
C2,5,HC,JATDIO,1.25,1.9,0.65
C2,5,HC,BG,1.95,3.4,1.45
C2,5,HC,JATDIO,3.4,4.2,0.8
C2,5,HC,BG,4.25,5.5,1.25
C2,5,HC,LARTRI,5.5,5.6,0.1
C2,5,HC,BG,5.65,8,2.35
C2,5,HC,JATDIO,8,8.5,0.5
C2,5,HC,BG,8.5,9.9,1.4
C2,5,HC,HERB,9.9,12.9,3
C2,5,HC,JATDIO,13,13.5,0.5
C2,5,HC,BG,13.55,14.7,1.15
C2,5,HC,HERB,14.7,18.4,3.7
C2,5,HC,BG,18.4,20.3,1.9
C2,5,HC,JATDIO,20.3,21.2,0.9
C2,5,HC,PROGLA,21.4,24.8,3.4
C2,5,HC,OPUAZU,22.2,22.9,0.7
C2,5,HC,BG,24.8,25.7,0.9
C2,5,HC,AGALEC,25.7,25.85,0.15
C2,5,HC,HERB,25.9,27.2,1.3
C2,5,HC,ECHHOR,27.2,27.35,0.15
C2,5,HC,BG,27.35,28.6,1.25
C2,5,HC,HERB,28.6,32.9,4.3
C2,5,HC,BG,32.9,34.1,1.2
C2,5,HC,LARTRI,34.1,35.6,1.5
C2,5,HC,JATDIO,34.7,36.05,1.35
C2,5,HC,BG,36.05,37.6,1.55
C2,5,HC,JATDIO,37.6,38.7,1.1
C2,5,HC,OPUAZU,37.5,38.95,1.45
C2,5,HC,LARTRI,38.85,39.3,0.45
C2,5,HC,JATDIO,39.3,39.75,0.45
C2,5,HC,BG,39.8,41.1,1.3
C2,5,HC,AGALEC,41.1,41.2,0.1
C2,5,HC,AGALEC,41.5,41.85,0.35
C2,5,HC,HERB,41.85,42.9,1.05
C2,5,HC,BG,42.9,46.1,3.2
C2,5,HC,LARTRI,46.1,47.1,1
C2,5,HC,BG,47.1,48.3,1.2
C2,5,HC,AGALEC,48.3,49.05,0.75
C2,5,HC,BG,49.1,50,0.9
C2,6,HC,JATDIO,0,1.2,1.2
C2,6,HC,OPUAZU,0.8,2.1,1.3
C2,6,HC,BG,2.1,2.3,0.2
C2,6,HC,LARTRI,2.3,3.3,1
C2,6,HC,BG,3.3,9.4,6.1
C2,6,HC,LARTRI,9.4,10.8,1.4
C2,6,HC,BG,10.8,12.8,2
C2,6,HC,JATDIO,12.8,13.8,1
C2,6,HC,LARTRI,13.3,14.2,0.9
C2,6,HC,HERB,14.2,14.7,0.5
C2,6,HC,LARTRI,14.7,15.4,0.7
C2,6,HC,BG,15.4,16.9,1.5
C2,6,HC,JATDIO,16.9,18.4,1.5
C2,6,HC,LARTRI,17.3,17.7,0.4
C2,6,HC,BG,18.4,22.3,3.9
C2,6,HC,JATDIO,22.3,24.5,2.2
C2,6,HC,BG,24.5,28.5,4
C2,6,HC,LARTRI,28.5,29.6,1.1
C2,6,HC,FOUSPL,29.2,29.9,0.7
C2,6,HC,JATDIO,29.9,30.6,0.7
C2,6,HC,BG,30.6,42.1,11.5
C2,6,HC,AGALEC,42.1,42.6,0.5
C2,6,HC,BG,42.6,50,7.4
C2,7,MS,BG,0,0.15,0.15
C2,7,MS,AGALEC,0.15,0.2,0.05
C2,7,MS,OPUPHA,0.25,0.63,0.38
C2,7,MS,HERB,0.63,9.1,8.47
C2,7,MS,BG,9.1,10.8,1.7
C2,7,MS,HERB,10.8,17.19,6.39
C2,7,MS,JATDIO,17.19,17.8,0.61
C2,7,MS,HERB,17.8,19.05,1.25
C2,7,MS,JATDIO,19.05,19.8,0.75
C2,7,MS,HERB,19.8,20.25,0.45
C2,7,MS,JATDIO,20.25,20.55,0.3
C2,7,MS,BG,20.55,26.85,6.3
C2,7,MS,JATDIO,26.85,27.71,0.86
C2,7,MS,HERB,27.71,33.05,5.34
C2,7,MS,AGALEC,33.05,35.1,2.05
C2,7,MS,JATDIO,34.81,36.48,1.67
C2,7,MS,HERB,36.48,40.46,3.98
C2,7,MS,fuzbal,40.46,41.44,0.98
C2,7,MS,BG,41.44,41.75,0.31
C2,7,MS,LEUCAN,41.75,43.3,1.55
C2,7,MS,JATDIO,41.75,42.91,1.16
C2,7,MS,thigra,41.75,42.66,0.91
C2,7,MS,AGALEC,42.4,43.05,0.65
C2,7,MS,BG,43.5,46.85,3.35
C2,7,MS,JATDIO,46.9,47.4,0.5
C2,7,MS,AGALEC,47.5,48.45,0.95
C2,7,MS,BG,48.45,49.3,0.85
C2,7,MS,JATDIO,49.3,49.57,0.27
C2,7,MS,AGALEC,49.57,50,0.43
C2,8,MS,BG,0,1.2,1.2
C2,8,MS,HERB,1.2,1.5,0.3
C2,8,MS,AGALEC,1.35,2.23,0.88
C2,8,MS,PROGLA,2.12,2.24,0.12
C2,8,MS,BG,2.24,4.1,1.86
C2,8,MS,AGALEC,4.1,6.13,2.03
C2,8,MS,BG,6.13,7.09,0.96
C2,8,MS,LEUCAN,7.09,7.83,0.74
C2,8,MS,AGALEC,7.3,8.9,1.6
C2,8,MS,BG,8.9,9.25,0.35
C2,8,MS,JATDIO,9.25,10.2,0.95
C2,8,MS,AGALEC,9.4,10.05,0.65
C2,8,MS,HERB,10.03,14.1,4.07
C2,8,MS,JATDIO,13.1,13.81,0.71
C2,8,MS,AGALEC,13.85,14.05,0.2
C2,8,MS,HERB,14.05,14.5,0.45
C2,8,MS,BG,14.5,14.8,0.3
C2,8,MS,AGALEC,14.8,14.96,0.16
C2,8,MS,JATDIO,15.1,15.45,0.35
C2,8,MS,HERB,15.45,16.03,0.58
C2,8,MS,AGALEC,16.03,17.78,1.75
C2,8,MS,HERB,17.78,23.76,5.98
C2,8,MS,AGALEC,23.76,24.6,0.84
C2,8,MS,BG,24.6,25.24,0.64
C2,8,MS,JATDIO,25.24,26.17,0.93
C2,8,MS,HERB,26.17,27.95,1.78
C2,8,MS,OPUAZU,27.95,28.4,0.45
C2,8,MS,HERB,28.4,29.35,0.95
C2,8,MS,OPUAZU,29.35,29.61,0.26
C2,8,MS,HERB,29.61,32.15,2.54
C2,8,MS,AGALEC,31.05,32.55,1.5
C2,8,MS,GUAANG,32.02,34.82,2.8
C2,8,MS,JATDIO,32.85,34.44,1.59
C2,8,MS,BG,34.82,35.5,0.68
C2,8,MS,AGALEC,35.5,36.08,0.58
C2,8,MS,BG,36.08,36.91,0.83
C2,8,MS,AGALEC,36.91,37.3,0.39
C2,8,MS,JATDIO,37.32,38.4,1.08
C2,8,MS,AGALEC,37.95,39.3,1.35
C2,8,MS,HERB,39.3,40.5,1.2
C2,8,MS,AGALEC,40.5,41.1,0.6
C2,8,MS,BG,41.1,41.76,0.66
C2,8,MS,AGALEC,41.76,42.07,0.31
C2,8,MS,HERB,42.07,45.51,3.44
C2,8,MS,JATDIO,45.51,47.9,2.39
C2,8,MS,AGALEC,47.9,48.25,0.35
C2,8,MS,GUAANG,48.25,49.3,1.05
C2,8,MS,AGALEC,49.3,50,0.7
C2,9,DR,HERB,0,0.9,0.9
C2,9,DR,JATDIO,0.85,1,0.15
C2,9,DR,AGALEC,1,1.45,0.45
C2,9,DR,BG,1.85,2.4,0.55
C2,9,DR,JATDIO,1.7,1.75,0.05
C2,9,DR,JATDIO,2.4,4,1.6
C2,9,DR,AGALEC,2.5,2.8,0.3
C2,9,DR,HERB,2.8,4,1.2
C2,9,DR,BG,4,5.2,1.2
C2,9,DR,AGALEC,5.2,6.5,1.3
C2,9,DR,HERB,6.5,7.1,0.6
C2,9,DR,JATDIO,6.8,7,0.2
C2,9,DR,BG,7.1,7.4,0.3
C2,9,DR,AGALEC,7.4,7.6,0.2
C2,9,DR,BG,7.6,8,0.4
C2,9,DR,JATDIO,8,8.7,0.7
C2,9,DR,HERB,8.3,9.2,0.9
C2,9,DR,BG,9.2,12.4,3.2
C2,9,DR,OPULEP,10.2,10.3,0.1
C2,9,DR,HERB,12.4,12.7,0.3
C2,9,DR,BG,12.7,13.1,0.4
C2,9,DR,JATDIO,13.1,14.6,1.5
C2,9,DR,HERB,13.8,14.6,0.8
C2,9,DR,BG,14.6,15.6,1
C2,9,DR,HERB,15.6,16.7,1.1
C2,9,DR,PROGLA,15.3,17.6,2.3
C2,9,DR,OPUAZU,17.3,17.5,0.2
C2,9,DR,BG,17.5,19.1,1.6
C2,9,DR,AGALEC,19.1,19.3,0.2
C2,9,DR,BG,19.3,19.9,0.6
C2,9,DR,AGALEC,19.9,20.4,0.5
C2,9,DR,HERB,20.4,27.35,6.95
C2,9,DR,astirr,27.35,27.85,0.5
C2,9,DR,BG,27.85,29.6,1.75
C2,9,DR,HERB,29.6,30,0.4
C2,9,DR,JATDIO,29.7,31.5,1.8
C2,9,DR,OPULEP,30.5,30.6,0.1
C2,9,DR,GUAANG,30.5,30.95,0.45
C2,9,DR,BG,31.5,32.5,1
C2,9,DR,HERB,32.5,38.9,6.4
C2,9,DR,JATDIO,34.05,34.35,0.3
C2,9,DR,BG,38.9,39.3,0.4
C2,9,DR,AGALEC,39.3,39.6,0.3
C2,9,DR,HERB,39.6,42.6,3
C2,9,DR,AGALEC,41.5,41.7,0.2
C2,9,DR,AGALEC,42.4,42.5,0.1
C2,9,DR,BG,42.6,43.25,0.65
C2,9,DR,HERB,43.25,44.35,1.1
C2,9,DR,BG,43.35,45.1,1.75
C2,9,DR,AGALEC,45.1,45.3,0.2
C2,9,DR,HERB,45.3,45.4,0.1
C2,9,DR,AGALEC,45.7,45.8,0.1
C2,9,DR,BG,45.4,46.8,1.4
C2,9,DR,AGALEC,46.8,47.1,0.3
C2,9,DR,JATDIO,47.05,48.3,1.25
C2,9,DR,HERB,48.2,48.6,0.4
C2,9,DR,BG,48.6,50,1.4
C2,10,DR,HERB,0,5.3,5.3
C2,10,DR,AGALEC,5.3,5.6,0.3
C2,10,DR,PROGLA,5.35,5.4,0.05
C2,10,DR,HERB,5.4,7.5,2.1
C2,10,DR,JATDIO,7.5,8.9,1.4
C2,10,DR,HERB,8.7,12.2,3.5
C2,10,DR,BG,12.2,13.3,1.1
C2,10,DR,JATDIO,13.3,14,0.7
C2,10,DR,PROGLA,14.2,15.5,1.3
C2,10,DR,JATDIO,15.7,16.7,1
C2,10,DR,BG,16.7,22.7,6
C2,10,DR,GUAANG,22.7,22.75,0.05
C2,10,DR,BG,22.75,23.1,0.35
C2,10,DR,astspo,23.1,24.1,1
C2,10,DR,BG,24.1,24.3,0.2
C2,10,DR,AGALEC,24.3,24.6,0.3
C2,10,DR,JATDIO,24.7,25.3,0.6
C2,10,DR,HERB,25.3,28.8,3.5
C2,10,DR,AGALEC,28.8,29,0.2
C2,10,DR,JATDIO,28.9,29.05,0.15
C2,10,DR,GUAANG,28.9,29.5,0.6
C2,10,DR,HERB,29.5,30.9,1.4
C2,10,DR,AGALEC,30.9,32.9,2
C2,10,DR,HERB,32.1,32.6,0.5
C2,10,DR,BG,32.6,33.2,0.6
C2,10,DR,HERB,33.2,34,0.8
C2,10,DR,OPUGRA,34,34.2,0.2
C2,10,DR,BG,34.2,34.8,0.6
C2,10,DR,AGALEC,34.8,35,0.2
C2,10,DR,HERB,35,36.6,1.6
C2,10,DR,LARTRI,36.6,38.2,1.6
C2,10,DR,AGALEC,36.9,37.4,0.5
C2,10,DR,HERB,37.8,38.8,1
C2,10,DR,GUAANG,38.2,38.6,0.4
C2,10,DR,AGALEC,38.8,40.3,1.5
C2,10,DR,JATDIO,39.3,39.85,0.55
C2,10,DR,HERB,40.3,41,0.7
C2,10,DR,BG,41,42.7,1.7
C2,10,DR,HERB,42.7,44,1.3
C2,10,DR,thigra,43,43.6,0.6
C2,10,DR,BG,44,44.9,0.9
C2,10,DR,AGALEC,44.9,45.1,0.2
C2,10,DR,BG,45.1,45.6,0.5
C2,10,DR,JATDIO,45.5,45.55,0.05
C2,10,DR,AGALEC,45.6,45.95,0.35
C2,10,DR,BG,45.95,48.05,2.1
C2,10,DR,HERB,48.05,48.5,0.45
C2,10,DR,PROGLA,48.45,50,1.55
C2,10,DR,AGALEC,49,49.3,0.3
C3,1,AW,BG,0,2.1,2.1
C3,1,AW,HERB,2.1,2.3,0.2
C3,1,AW,BG,2.3,5.2,2.9
C3,1,AW,AGALEC,5.2,5.6,0.4
C3,1,AW,astirr,5.6,6.1,0.5
C3,1,AW,BG,6.1,7,0.9
C3,1,AW,astirr,7,7.4,0.4
C3,1,AW,BG,7.4,9,1.6
C3,1,AW,astirr,9,9.3,0.3
C3,1,AW,BG,9.3,10.2,0.9
C3,1,AW,AGALEC,10.2,10.5,0.3
C3,1,AW,BG,10.5,11.3,0.8
C3,1,AW,astirr,11.3,11.9,0.6
C3,1,AW,BG,11.9,12.5,0.6
C3,1,AW,HERB,12.5,12.6,0.1
C3,1,AW,BG,12.6,16,3.4
C3,1,AW,astirr,16,16.9,0.9
C3,1,AW,AGALEC,16,16.2,0.2
C3,1,AW,BG,16.9,17.4,0.5
C3,1,AW,ACAGRE,17.4,18.6,1.2
C3,1,AW,BG,18.6,19.8,1.2
C3,1,AW,HERB,19.8,19.9,0.1
C3,1,AW,BG,19.9,23.5,3.6
C3,1,AW,HERB,23.5,24.2,0.7
C3,1,AW,BG,24.2,24.8,0.6
C3,1,AW,HERB,24.8,25,0.2
C3,1,AW,BG,25,25.9,0.9
C3,1,AW,HERB,25.9,26,0.1
C3,1,AW,BG,26,28.5,2.5
C3,1,AW,HERB,28.5,29,0.5
C3,1,AW,BG,29,29.6,0.6
C3,1,AW,HERB,29.6,30.1,0.5
C3,1,AW,BG,30.1,32,1.9
C3,1,AW,HERB,32,32.5,0.5
C3,1,AW,BG,32.5,33.2,0.7
C3,1,AW,HERB,33.2,34.2,1
C3,1,AW,ACAGRE,33.7,34,0.3
C3,1,AW,BG,34.2,35,0.8
C3,1,AW,OPUDUL,35,35.1,0.1
C3,1,AW,BG,35.1,37,1.9
C3,1,AW,astirr,37,37.8,0.8
C3,1,AW,AGALEC,37.8,38.2,0.4
C3,1,AW,BG,38.2,38.3,0.1
C3,1,AW,HERB,38.3,38.5,0.2
C3,1,AW,BG,38.5,39.6,1.1
C3,1,AW,astirr,39.6,40.3,0.7
C3,1,AW,BG,40.3,42.7,2.4
C3,1,AW,astirr,42.7,43.4,0.7
C3,1,AW,AGALEC,43.1,43.3,0.2
C3,1,AW,BG,43.3,43.9,0.6
C3,1,AW,AGALEC,43.9,44.4,0.5
C3,1,AW,BG,44.4,47.3,2.9
C3,1,AW,AGALEC,47.3,47.5,0.2
C3,1,AW,BG,47.5,49.6,2.1
C3,1,AW,HERB,49.6,49.9,0.3
C3,1,AW,BG,49.9,50,0.1
C3,2,AW,BG,0,1.3,1.3
C3,2,AW,HERB,1.3,1.45,0.15
C3,2,AW,BG,1.45,14.6,13.15
C3,2,AW,cremim,14.6,16.18,1.58
C3,2,AW,BG,16,23.8,7.8
C3,2,AW,LARTRI,18.9,19.8,0.9
C3,2,AW,LARTRI,23.8,24.4,0.6
C3,2,AW,BG,19.8,23.8,4
C3,2,AW,BG,24.4,27.1,2.7
C3,2,AW,LARTRI,27.1,28,0.9
C3,2,AW,BG,28,34,6
C3,2,AW,LARTRI,34,34.4,0.4
C3,2,AW,BG,34.4,36.4,2
C3,2,AW,LARTRI,36.4,37.9,1.5
C3,2,AW,BG,37.9,39.3,1.4
C3,2,AW,LARTRI,39.3,41.5,2.2
C3,2,AW,BG,41.5,44.95,3.45
C3,2,AW,ECHDAS,44.95,45.2,0.25
C3,2,AW,BG,45.2,46.3,1.1
C3,2,AW,LARTRI,46.3,47.75,1.45
C3,2,AW,BG,47.75,50,2.25
C3,3,AW,BG,0,1.05,1.05
C3,3,AW,HERB,1.05,1.15,0.1
C3,3,AW,BG,1.15,2.6,1.45
C3,3,AW,LARTRI,2.6,2.7,0.1
C3,3,AW,BG,2.7,15.7,13
C3,3,AW,LARTRI,15.7,15.8,0.1
C3,3,AW,BG,15.8,16.1,0.3
C3,3,AW,HERB,16.1,16.25,0.15
C3,3,AW,BG,16.25,16.9,0.65
C3,3,AW,HERB,16.9,17.1,0.2
C3,3,AW,BG,17.1,18.4,1.3
C3,3,AW,LARTRI,18.4,19.1,0.7
C3,3,AW,BG,19.1,23.1,4
C3,3,AW,HERB,23.1,23.2,0.1
C3,3,AW,BG,23.2,23.9,0.7
C3,3,AW,HERB,23.9,24.1,0.2
C3,3,AW,BG,24.1,26,1.9
C3,3,AW,HERB,26,26.2,0.2
C3,3,AW,BG,26.2,29.4,3.2
C3,3,AW,LARTRI,29.4,29.9,0.5
C3,3,AW,BG,29.9,37,7.1
C3,3,AW,LARTRI,37,37.9,0.9
C3,3,AW,BG,37.9,40,2.1
C3,3,AW,LARTRI,40,40.3,0.3
C3,3,AW,BG,40.3,50,9.7
C3,4,AW,BG,0,4,4
C3,4,AW,LARTRI,4,4.4,0.4
C3,4,AW,BG,4.4,9.6,5.2
C3,4,AW,LARTRI,9.6,10,0.4
C3,4,AW,BG,10,10.6,0.6
C3,4,AW,thigra,10.6,10.8,0.2
C3,4,AW,BG,10.8,11.2,0.4
C3,4,AW,thigra,11.2,11.7,0.5
C3,4,AW,BG,11.7,13.1,1.4
C3,4,AW,HERB,13.1,13.2,0.1
C3,4,AW,BG,13.2,14.4,1.2
C3,4,AW,thigra,14.4,15.7,1.3
C3,4,AW,BG,15.7,23,7.3
C3,4,AW,thigra,23,23.6,0.6
C3,4,AW,BG,23.6,28.1,4.5
C3,4,AW,HERB,28.1,28.2,0.1
C3,4,AW,BG,28.2,29.9,1.7
C3,4,AW,thigra,29.9,30.1,0.2
C3,4,AW,BG,30.1,32.1,2
C3,4,AW,HERB,32.1,32.2,0.1
C3,4,AW,BG,32.2,33.6,1.4
C3,4,AW,HERB,33.6,33.7,0.1
C3,4,AW,BG,33.7,50,16.3
C3,5,HC,thigra,0,0.95,0.95
C3,5,HC,BG,1,4.8,3.8
C3,5,HC,LARTRI,4.8,5.75,0.95
C3,5,HC,BG,5.8,7.55,1.75
C3,5,HC,LARTRI,7.6,8.9,1.3
C3,5,HC,BG,8.9,10.8,1.9
C3,5,HC,HERB,10.8,12,1.2
C3,5,HC,LARTRI,12,14.95,2.95
C3,5,HC,HERB,15,16.05,1.05
C3,5,HC,BG,16.05,16.95,0.9
C3,5,HC,LARTRI,17.1,18.7,1.6
C3,5,HC,ACAGRE,18.5,19.6,1.1
C3,5,HC,HERB,19.6,20.5,0.9
C3,5,HC,BG,20.6,21.9,1.3
C3,5,HC,LARTRI,21.9,24.2,2.3
C3,5,HC,BG,24.25,27.3,3.05
C3,5,HC,LARTRI,27.35,29.2,1.85
C3,5,HC,BG,29.2,35.1,5.9
C3,5,HC,LARTRI,35.15,36.4,1.25
C3,5,HC,BG,36.45,37.3,0.85
C3,5,HC,LARTRI,37.3,37.85,0.55
C3,5,HC,BG,37.9,39.4,1.5
C3,5,HC,LARTRI,39.45,40.7,1.25
C3,5,HC,BG,40.75,50,9.25
C3,6,HC,OPUAZU,0,2,2
C3,6,HC,FOUSPL,0.4,1.5,1.1
C3,6,HC,BG,2,5,3
C3,6,HC,LARTRI,5.05,6.1,1.05
C3,6,HC,BG,6.15,8.05,1.9
C3,6,HC,FOUSPL,8.6,10.1,1.5
C3,6,HC,BG,10.15,10.9,0.75
C3,6,HC,HERB,10.95,13.8,2.85
C3,6,HC,BG,13.85,19.2,5.35
C3,6,HC,LARTRI,19.25,20.2,0.95
C3,6,HC,BG,20.25,20.95,0.7
C3,6,HC,LARTRI,21,22.05,1.05
C3,6,HC,thigra,21.2,22.5,1.3
C3,6,HC,BG,22.55,36.05,13.5
C3,6,HC,thigra,36.1,37,0.9
C3,6,HC,BG,37.1,50,12.9
C3,7,HC,FOUSPL,0,0.4,0.4
C3,7,HC,BG,0.45,7.2,6.75
C3,7,HC,FOUSPL,7.2,7.95,0.75
C3,7,HC,BG,7.95,10.1,2.15
C3,7,HC,thigra,10.15,10.65,0.5
C3,7,HC,OPUAZU,10.65,11.6,0.95
C3,7,HC,BG,11.65,14,2.35
C3,7,HC,PROGLA,14,14.9,0.9
C3,7,HC,BG,14.95,16.5,1.55
C3,7,HC,LARTRI,16.6,18.5,1.9
C3,7,HC,BG,18.6,22.55,3.95
C3,7,HC,ACASCH,22.6,24.2,1.6
C3,7,HC,BG,24.25,24.5,0.25
C3,7,HC,thigra,24.5,25.85,1.35
C3,7,HC,BG,25.9,29.65,3.75
C3,7,HC,LARTRI,29.7,31.95,2.25
C3,7,HC,SALMEX,31.6,32.45,0.85
C3,7,HC,BG,32.5,32.85,0.35
C3,7,HC,thigra,32.85,33.7,0.85
C3,7,HC,BG,33.7,34.3,0.6
C3,7,HC,LARTRI,34.3,35.7,1.4
C3,7,HC,BG,35.7,37,1.3
C3,7,HC,LARTRI,37.05,38.4,1.35
C3,7,HC,BG,38.45,45.2,6.75
C3,7,HC,thigra,45.25,45.5,0.25
C3,7,HC,BG,45.55,46.15,0.6
C3,7,HC,HERB,46.2,47.8,1.6
C3,7,HC,BG,47.8,49.25,1.45
C3,7,HC,LARTRI,49.25,50,0.75
C3,8,MS,BG,0,4.8,4.8
C3,8,MS,LARTRI,4.8,5.43,0.63
C3,8,MS,BG,5.43,9.4,3.97
C3,8,MS,HERB,9.4,9.85,0.45
C3,8,MS,BG,9.85,18.7,8.85
C3,8,MS,HERB,18.7,18.75,0.05
C3,8,MS,BG,18.75,22.5,3.75
C3,8,MS,HERB,22.5,23.1,0.6
C3,8,MS,BG,23.1,24,0.9
C3,8,MS,HERB,24,26.3,2.3
C3,8,MS,thigra,26.2,26.81,0.61
C3,8,MS,BG,26.15,30,3.85
C3,8,MS,LARTRI,30,30.64,0.64
C3,8,MS,BG,30.64,31.8,1.16
C3,8,MS,LARTRI,31.8,32.05,0.25
C3,8,MS,BG,32.1,35.05,2.95
C3,8,MS,thigra,35.05,35.9,0.85
C3,8,MS,HERB,35,35.99,0.99
C3,8,MS,BG,35.99,38.45,2.46
C3,8,MS,HERB,38.45,39.2,0.75
C3,8,MS,BG,39.2,41.88,2.68
C3,8,MS,LARTRI,41.88,43.7,1.82
C3,8,MS,BG,43.7,47.8,4.1
C3,8,MS,LARTRI,47.8,49.12,1.32
C3,8,MS,BG,49.12,50,0.88
C3,9,MS,BG,0,3.81,3.81
C3,9,MS,HERB,3.81,4,0.19
C3,9,MS,thigra,4,4.55,0.55
C3,9,MS,BG,4.55,6.1,1.55
C3,9,MS,thigra,6.1,6.69,0.59
C3,9,MS,BG,6.69,7.4,0.71
C3,9,MS,thigra,7.4,9.1,1.7
C3,9,MS,HERB,7.65,7.9,0.25
C3,9,MS,HERB,8.1,9.55,1.45
C3,9,MS,BG,9.1,12.7,3.6
C3,9,MS,LARTRI,12.7,12.95,0.25
C3,9,MS,HERB,13.2,13.6,0.4
C3,9,MS,HERB,13.65,13.8,0.15
C3,9,MS,BG,13.8,27.58,13.78
C3,9,MS,LARTRI,27.85,28.1,0.25
C3,9,MS,BG,28.1,29.35,1.25
C3,9,MS,thigra,29.35,29.88,0.53
C3,9,MS,BG,29.88,33.39,3.51
C3,9,MS,LARTRI,33.39,33.93,0.54
C3,9,MS,BG,33.93,39.1,5.17
C3,9,MS,JATDIO,39.1,40.13,1.03
C3,9,MS,BG,40.13,50,9.87
C3,10,MS,BG,0,5.5,5.5
C3,10,MS,LARTRI,5.5,5.8,0.3
C3,10,MS,BG,5.8,12.61,6.81
C3,10,MS,LARTRI,12.61,12.72,0.11
C3,10,MS,BG,12.72,13.3,0.58
C3,10,MS,ACASCH,13.3,14.27,0.97
C3,10,MS,BG,14.27,21.4,7.13
C3,10,MS,FOUSPL,21.4,22.29,0.89
C3,10,MS,BG,22.29,23.2,0.91
C3,10,MS,thigra,23.2,23.9,0.7
C3,10,MS,BG,23.9,27.6,3.7
C3,10,MS,LARTRI,27.6,28.35,0.75
C3,10,MS,BG,28.35,28.8,0.45
C3,10,MS,thigra,28.8,29.4,0.6
C3,10,MS,BG,29.4,37.33,7.93
C3,10,MS,thigra,37.33,38.25,0.92
C3,10,MS,BG,38.25,39.09,0.84
C3,10,MS,thigra,39.09,39.2,0.11
C3,10,MS,OPUAZU,39.6,40.83,1.23
C3,10,MS,BG,40.83,44.4,3.57
C3,10,MS,OPUAZU,44.4,45.25,0.85
C3,10,MS,BG,45.25,50,4.75
C3,11,DR,BG,0,0.85,0.85
C3,11,DR,thigra,0.85,1.6,0.75
C3,11,DR,BG,1.6,1.9,0.3
C3,11,DR,HERB,1.9,2.15,0.25
C3,11,DR,BG,2.15,3.6,1.45
C3,11,DR,thigra,3.6,4.45,0.85
C3,11,DR,BG,4.45,5.5,1.05
C3,11,DR,LARTRI,5.5,6.35,0.85
C3,11,DR,BG,6.35,7.4,1.05
C3,11,DR,thigra,7.4,9,1.6
C3,11,DR,BG,9,18.7,9.7
C3,11,DR,HERB,18.7,22,3.3
C3,11,DR,LARTRI,19.75,20.15,0.4
C3,11,DR,BG,22,23.05,1.05
C3,11,DR,LARTRI,23.05,24.2,1.15
C3,11,DR,BG,24.2,25.4,1.2
C3,11,DR,LARTRI,25.4,26.4,1
C3,11,DR,BG,26.4,27.55,1.15
C3,11,DR,thigra,27.55,28.3,0.75
C3,11,DR,BG,28.3,29.2,0.9
C3,11,DR,LARTRI,29.2,30.4,1.2
C3,11,DR,BG,30.4,31.8,1.4
C3,11,DR,FOUSPL,31.45,32.7,1.25
C3,11,DR,LARTRI,32.3,33.65,1.35
C3,11,DR,BG,33.4,36.9,3.5
C3,11,DR,HERB,36.9,37.5,0.6
C3,11,DR,BG,37.5,40,2.5
C3,11,DR,LARTRI,40,41.1,1.1
C3,11,DR,BG,41.1,44.9,3.8
C3,11,DR,LARTRI,43.65,43.9,0.25
C3,11,DR,thigra,43.9,45.85,1.95
C3,11,DR,BG,45.85,50,4.15
C3,11,DR,BG,0,1.9,1.9
C3,11,DR,thigra,1.9,2.45,0.55
C3,11,DR,LARTRI,2.8,3.2,0.4
C3,11,DR,BG,3.2,6.65,3.45
C3,11,DR,HERB,6.65,7.1,0.45
C3,11,DR,BG,7.1,8.9,1.8
C3,12,DR,HERB,8.9,9.75,0.85
C3,12,DR,LARTRI,9.7,10,0.3
C3,12,DR,BG,10,10.35,0.35
C3,12,DR,thigra,10.35,10.65,0.3
C3,12,DR,BG,10.65,12.05,1.4
C3,12,DR,LARTRI,12.05,12.45,0.4
C3,12,DR,BG,12.85,18.65,5.8
C3,12,DR,HERB,18.65,19.1,0.45
C3,12,DR,LARTRI,18.7,20,1.3
C3,12,DR,BG,20,24.7,4.7
C3,12,DR,thigra,24.7,25.4,0.7
C3,12,DR,HERB,25,25.8,0.8
C3,12,DR,BG,25.8,40.95,15.15
C3,12,DR,LARTRI,38.9,39.65,0.75
C3,12,DR,HERB,40.95,41.2,0.25
C3,12,DR,LARTRI,41.2,42.05,0.85
C3,12,DR,BG,42.05,44.9,2.85
C3,12,DR,HERB,44.9,45.1,0.2
C3,12,DR,BG,45.1,50,4.9
PT1,1,AW,RHUVIR,0.7,0.71,0.01
PT1,1,AW,BG,0,3.2,3.2
PT1,1,AW,RHUTRI,1,2,1
PT1,1,AW,JUNFLA,1.1,5.4,4.3
PT1,1,AW,HERB,3.2,3.4,0.2
PT1,1,AW,BG,3.4,3.8,0.4
PT1,1,AW,HERB,3.8,3.95,0.15
PT1,1,AW,PINCEM,5,6.7,1.7
PT1,1,AW,BG,3.9,6,2.1
PT1,1,AW,BG,6.05,7.15,1.1
PT1,1,AW,HERB,6,6.05,0.05
PT1,1,AW,JUNCOA,6.4,6.9,0.5
PT1,1,AW,HERB,7.15,7.4,0.25
PT1,1,AW,BG,7.4,10.6,3.2
PT1,1,AW,HERB,10.6,10.9,0.3
PT1,1,AW,BG,10.9,12.27,1.37
PT1,1,AW,HERB,12.27,13,0.73
PT1,1,AW,PINCEM,12.7,13.1,0.4
PT1,1,AW,BG,13,13.2,0.2
PT1,1,AW,HERB,13.2,13.75,0.55
PT1,1,AW,BG,13.75,14.1,0.35
PT1,1,AW,HERB,14.1,14.25,0.15
PT1,1,AW,BG,14.25,14.45,0.2
PT1,1,AW,HERB,14.45,14.7,0.25
PT1,1,AW,BG,14.7,15.9,1.2
PT1,1,AW,HERB,15.9,16.15,0.25
PT1,1,AW,BG,16.15,18.25,2.1
PT1,1,AW,HERB,18.25,22.8,4.55
PT1,1,AW,JUNDEP,18.8,25,6.2
PT1,1,AW,BG,22.8,27.1,4.3
PT1,1,AW,JUNCOA,25,26.75,1.75
PT1,1,AW,HERB,27.1,28.6,1.5
PT1,1,AW,HERB,29.1,30,0.9
PT1,1,AW,BG,28.6,29.1,0.5
PT1,1,AW,OPUCHI,30.05,30.07,0.02
PT1,1,AW,BG,30.07,30.4,0.33
PT1,1,AW,HERB,30.4,31.25,0.85
PT1,1,AW,JUNDEP,31.4,34.2,2.8
PT1,1,AW,BG,31.25,34,2.75
PT1,1,AW,HERB,34,37.8,3.8
PT1,1,AW,BG,37.8,38.4,0.6
PT1,1,AW,HERB,38.9,39,0.1
PT1,1,AW,BG,39,39.4,0.4
PT1,1,AW,BG,39.7,39.8,0.1
PT1,1,AW,HERB,39.8,40.1,0.3
PT1,1,AW,BG,40.1,41.1,1
PT1,1,AW,RHUVIR,41.1,41.3,0.2
PT1,1,AW,BG,41.3,42,0.7
PT1,1,AW,HERB,42,43.85,1.85
PT1,1,AW,OPUCHI,43.85,44.5,0.65
PT1,1,AW,BG,44.5,44.6,0.1
PT1,1,AW,HERB,44.6,44.7,0.1
PT1,1,AW,BG,44.7,46.4,1.7
PT1,1,AW,HERB,46.4,46.6,0.2
PT1,1,AW,BG,46.6,48,1.4
PT1,1,AW,HERB,48,48.3,0.3
PT1,1,AW,BG,48.3,48.9,0.6
PT1,1,AW,HERB,48.9,49.05,0.15
PT1,1,AW,BG,49.05,50,0.95
PT1,1,AW,JUNDEP,48.9,50,1.1
PT1,2,AW,BG,0.1,1,0.9
PT1,2,AW,HERB,0,0.1,0.1
PT1,2,AW,HERB,1,2,1
PT1,2,AW,JUNDEP,2.2,2.25,0.05
PT1,2,AW,BG,2.25,2.5,0.25
PT1,2,AW,HERB,2.5,2.6,0.1
PT1,2,AW,BG,2.6,3.3,0.7
PT1,2,AW,HERB,3.3,3.5,0.2
PT1,2,AW,BG,3.5,5,1.5
PT1,2,AW,PINCEM,3.9,11,7.1
PT1,2,AW,HERB,5,5.3,0.3
PT1,2,AW,BG,5.3,9,3.7
PT1,2,AW,HERB,9,9.2,0.2
PT1,2,AW,BG,9.2,9.9,0.7
PT1,2,AW,NOLERU,9.9,11.6,1.7
PT1,2,AW,RHUTRI,10.9,12,1.1
PT1,2,AW,BG,12,12.9,0.9
PT1,2,AW,HERB,12.9,13.4,0.5
PT1,2,AW,QUEGRI,13.5,17.9,4.4
PT1,2,AW,BG,13.4,15.7,2.3
PT1,2,AW,astirr,16.55,16.85,0.3
PT1,2,AW,ERILAR,17.2,17.3,0.1
PT1,2,AW,ERILAR,17.7,17.9,0.2
PT1,2,AW,BG,17.3,17.7,0.4
PT1,2,AW,astlin,18,19.1,1.1
PT1,2,AW,HERB,17.9,18,0.1
PT1,2,AW,ERILAR,19.1,19.3,0.2
PT1,2,AW,RHUVIR,19.2,23.65,4.45
PT1,2,AW,OPUCHI,18.3,18.7,0.4
PT1,2,AW,astirr,23.65,23.85,0.2
PT1,2,AW,BG,23.85,25.9,2.05
PT1,2,AW,astbro,25.9,26.6,0.7
PT1,2,AW,QUEGRI,26.6,28,1.4
PT1,2,AW,ERILAR,28,28.6,0.6
PT1,2,AW,BG,28.6,29.4,0.8
PT1,2,AW,ERILAR,29.4,30,0.6
PT1,2,AW,BG,30,30.4,0.4
PT1,2,AW,HERB,30.4,31,0.6
PT1,2,AW,ERILAR,31,31.3,0.3
PT1,2,AW,BG,31.3,32.1,0.8
PT1,2,AW,RHUVIR,32.1,33.2,1.1
PT1,2,AW,BG,33.2,36.4,3.2
PT1,2,AW,astirr,36.4,36.8,0.4
PT1,2,AW,DASLEI,37.1,37.15,0.05
PT1,2,AW,BG,36.8,37.3,0.5
PT1,2,AW,ERILAR,37.3,37.6,0.3
PT1,2,AW,BG,37.6,38,0.4
PT1,2,AW,ERILAR,38,38.35,0.35
PT1,2,AW,astirr,38.35,38.7,0.35
PT1,2,AW,BG,38.7,38.8,0.1
PT1,2,AW,ERILAR,38.8,39.3,0.5
PT1,2,AW,HERB,39.3,39.8,0.5
PT1,2,AW,BG,39.8,48,8.2
PT1,2,AW,JUNDEP,42.8,46,3.2
PT1,2,AW,QUEGRI,34.4,34.6,0.2
PT1,2,AW,RHUVIR,44.1,44.6,0.5
PT1,2,AW,astirr,44.75,45,0.25
PT1,2,AW,RHUTRI,45.8,46.15,0.35
PT1,2,AW,HERB,48,48.5,0.5
PT1,2,AW,RHUVIR,49.3,50,0.7
PT1,2,AW,AGAHAV,49.2,49.6,0.4
PT1,3,HC,HERB,0,0.5,0.5
PT1,3,HC,BG,0.5,2.25,1.75
PT1,3,HC,HERB,2.25,7.55,5.3
PT1,3,HC,BG,7.65,8.4,0.75
PT1,3,HC,HERB,8.4,8.6,0.2
PT1,3,HC,BG,8.6,9.4,0.8
PT1,3,HC,HERB,9.4,9.7,0.3
PT1,3,HC,BG,9.7,10.65,0.95
PT1,3,HC,OPUCHI,11,11.7,0.7
PT1,3,HC,HERB,11.7,17.8,6.1
PT1,3,HC,RHUTRI,17.8,18.65,0.85
PT1,3,HC,BG,18.65,19.1,0.45
PT1,3,HC,ERILAR,19.1,19.45,0.35
PT1,3,HC,HERB,19.45,20.6,1.15
PT1,3,HC,ERILAR,20.6,21,0.4
PT1,3,HC,BG,21,21.45,0.45
PT1,3,HC,ERILAR,21.65,22.2,0.55
PT1,3,HC,HERB,22.2,23.8,1.6
PT1,3,HC,BG,23.8,24.4,0.6
PT1,3,HC,ERILAR,24.4,24.75,0.35
PT1,3,HC,RHUVIR,24.45,26.85,2.4
PT1,3,HC,DASLEI,24.5,25.3,0.8
PT1,3,HC,BG,26.85,27.8,0.95
PT1,3,HC,ERILAR,27.8,28.2,0.4
PT1,3,HC,CERMON,28.2,32.25,4.05
PT1,3,HC,RHUVIR,30.4,33.8,3.4
PT1,3,HC,ERILAR,34.4,34.8,0.4
PT1,3,HC,BG,34.8,35.5,0.7
PT1,3,HC,ACACON,35.55,37.4,1.85
PT1,3,HC,JUNDEP,35.7,39.4,3.7
PT1,3,HC,astirr,35.7,36.2,0.5
PT1,3,HC,RHUVIR,36.3,38.15,1.85
PT1,3,HC,astirr,39.5,40.7,1.2
PT1,3,HC,OPUCHI,40.7,41.05,0.35
PT1,3,HC,BG,41.3,42.8,1.5
PT1,3,HC,HERB,42.9,43.3,0.4
PT1,3,HC,JUNCOA,43.3,50,6.7
PT1,3,MS,HERB,0,3.5,3.5
PT1,3,MS,ACACON,3.5,4.75,1.25
PT1,3,MS,HERB,4.75,5,0.25
PT1,3,MS,BG,5,5.5,0.5
PT1,3,MS,HERB,5.5,6.52,1.02
PT1,3,MS,ACACON,6.52,7.13,0.61
PT1,3,MS,HERB,7.13,9.2,2.07
PT1,3,MS,ACACON,9.2,13.5,4.3
PT1,3,MS,HERB,13.5,20.05,6.55
PT1,3,MS,RHUVIR,20.05,21.53,1.48
PT1,3,MS,HERB,21.53,24.28,2.75
PT1,3,MS,RHUTRI,24.28,25.6,1.32
PT1,3,MS,HERB,25.6,26.43,0.83
PT1,3,MS,RHUTRI,26.43,26.55,0.12
PT1,3,MS,HERB,26.55,28.52,1.97
PT1,3,MS,JUNFLA,28.52,29,0.48
PT1,3,MS,HERB,29,31.3,2.3
PT1,3,MS,JUNDEP,32.22,32.35,0.13
PT1,3,MS,HERB,32.35,50,17.65
PT1,3,MS,JUNFLA,38.41,38.66,0.25
PT1,3,MS,NOLERU,43.7,43.75,0.05
PT1,4,MS,BG,0,2.3,2.3
PT1,4,MS,HERB,2.3,2.8,0.5
PT1,4,MS,BG,2.8,3.44,0.64
PT1,4,MS,OPUCHI,3.44,3.49,0.05
PT1,4,MS,JUNFLA,3.11,7,3.89
PT1,4,MS,NOLERU,4.1,4.44,0.34
PT1,4,MS,HERB,2.99,44.49,41.5
PT1,4,MS,astlin,7.9,8.15,0.25
PT1,4,MS,NOLERU,9,10.4,1.4
PT1,4,MS,OPUCHI,15.8,16.1,0.3
PT1,4,MS,astbro,15.7,16.65,0.95
PT1,4,MS,ACACON,19.4,20.4,1
PT1,4,MS,CERMON,22.31,22.32,0.01
PT1,4,MS,OPUCHI,23.55,23.9,0.35
PT1,4,MS,PINCEM,27.93,34.85,6.92
PT1,4,MS,ERILAR,37.05,37.3,0.25
PT1,4,MS,RHUTRI,41.05,42.1,1.05
PT1,4,MS,NOLERU,41.3,43.35,2.05
PT1,4,MS,AGAHAV,44.22,44.25,0.03
PT1,4,MS,PINCEM,41.4,47.98,6.58
PT1,4,MS,JUNCOA,47.1,50,2.9
PT2,1,AW,QUEGRA,0,3.6,3.6
PT2,1,AW,BG,0,2.45,2.45
PT2,1,AW,HERB,2.45,2.55,0.1
PT2,1,AW,JUNDEP,2.8,3.8,1
PT2,1,AW,BG,2.55,3.45,0.9
PT2,1,AW,HERB,3.45,3.5,0.05
PT2,1,AW,BG,3.5,5.3,1.8
PT2,1,AW,JUNDEP,4.6,6.1,1.5
PT2,1,AW,BG,5.3,5.4,0.1
PT2,1,AW,QUEGRI,6.4,9.4,3
PT2,1,AW,BG,5.4,8.3,2.9
PT2,1,AW,HERB,8.3,8.9,0.6
PT2,1,AW,BG,8.4,8.8,0.4
PT2,1,AW,HERB,8.8,9.1,0.3
PT2,1,AW,BG,9.1,9.35,0.25
PT2,1,AW,HERB,9.35,9.45,0.1
PT2,1,AW,BG,9.45,9.75,0.3
PT2,1,AW,QUEGRI,9.8,10.4,0.6
PT2,1,AW,HERB,9.75,10.1,0.35
PT2,1,AW,BG,10.1,11,0.9
PT2,1,AW,HERB,11,11.1,0.1
PT2,1,AW,QUEEMO,11.45,11.5,0.05
PT2,1,AW,JUNDEP,11.5,13.35,1.85
PT2,1,AW,NOLERU,13,13.3,0.3
PT2,1,AW,BG,11.1,13,1.9
PT2,1,AW,BG,13.3,15.5,2.2
PT2,1,AW,JUNDEP,14,15.2,1.2
PT2,1,AW,HERB,15.5,16,0.5
PT2,1,AW,NOLERU,16,17.3,1.3
PT2,1,AW,JUNFLA,15.3,18.4,3.1
PT2,1,AW,JUNDEP,17.85,19,1.15
PT2,1,AW,PINCEM,12,23.6,11.6
PT2,1,AW,BG,19,20.7,1.7
PT2,1,AW,JUNDEP,19.8,20.9,1.1
PT2,1,AW,BG,20.9,21.4,0.5
PT2,1,AW,JUNDEP,21.4,23.6,2.2
PT2,1,AW,QUEEMO,21.7,22,0.3
PT2,1,AW,QUEGRI,23.55,23.6,0.05
PT2,1,AW,BG,22,23.1,1.1
PT2,1,AW,HERB,23.1,23.25,0.15
PT2,1,AW,BG,23.6,23.85,0.25
PT2,1,AW,HERB,23.85,23.9,0.05
PT2,1,AW,BG,23.9,24.45,0.55
PT2,1,AW,HERB,24.45,24.65,0.2
PT2,1,AW,JUNDEP,24.8,25.15,0.35
PT2,1,AW,BG,25.15,26.7,1.55
PT2,1,AW,PINCEM,25.5,29.5,4
PT2,1,AW,HERB,26.7,27.2,0.5
PT2,1,AW,BG,27.2,28.05,0.85
PT2,1,AW,HERB,28.05,28.2,0.15
PT2,1,AW,BG,28.2,30,1.8
PT2,1,AW,HERB,30,30.05,0.05
PT2,1,AW,PINCEM,30.5,34,3.5
PT2,1,AW,BG,30.05,30.7,0.65
PT2,1,AW,HERB,30.7,31.1,0.4
PT2,1,AW,BG,31.1,31.5,0.4
PT2,1,AW,HERB,31.65,31.85,0.2
PT2,1,AW,NOLERU,31.85,32.05,0.2
PT2,1,AW,HERB,32.05,32.3,0.25
PT2,1,AW,QUEGRI,32.3,32.5,0.2
PT2,1,AW,HERB,32.5,32.6,0.1
PT2,1,AW,BG,32.6,33.1,0.5
PT2,1,AW,HERB,33.1,33.2,0.1
PT2,1,AW,BG,33.2,33.35,0.15
PT2,1,AW,HERB,33.35,39.1,5.75
PT2,1,AW,JUNDEP,34,35.5,1.5
PT2,1,AW,BG,34.1,34.5,0.4
PT2,1,AW,HERB,34.5,34.65,0.15
PT2,1,AW,BG,34.65,35.1,0.45
PT2,1,AW,HERB,35.1,35.25,0.15
PT2,1,AW,BG,35.25,37.3,2.05
PT2,1,AW,QUEGRI,35.9,37.3,1.4
PT2,1,AW,HERB,37.3,37.6,0.3
PT2,1,AW,BG,37.6,38.55,0.95
PT2,1,AW,JUNFLA,38.4,42.1,3.7
PT2,1,AW,HERB,38.55,38.67,0.12
PT2,1,AW,BG,38.07,38.9,0.83
PT2,1,AW,HERB,38.9,39.1,0.2
PT2,1,AW,BG,39.1,39.7,0.6
PT2,1,AW,HERB,39.7,40.05,0.35
PT2,1,AW,BG,40.05,40.4,0.35
PT2,1,AW,HERB,40.4,40.45,0.05
PT2,1,AW,BG,40.45,42.5,2.05
PT2,1,AW,JUNDEP,42.5,43.05,0.55
PT2,1,AW,BG,43.05,44.4,1.35
PT2,1,AW,HERB,44.4,44.6,0.2
PT2,1,AW,BG,44.6,45.1,0.5
PT2,1,AW,HERB,45.1,45.5,0.4
PT2,1,AW,NOLERU,45.5,45.65,0.15
PT2,1,AW,JUNDEP,45.65,45.8,0.15
PT2,1,AW,HERB,45.65,46.95,1.3
PT2,1,AW,BG,46.95,47.2,0.25
PT2,1,AW,JUNDEP,46.9,47.1,0.2
PT2,1,AW,HERB,47.2,47.7,0.5
PT2,1,AW,JUNDEP,47.7,47.9,0.2
PT2,1,AW,HERB,48,49.35,1.35
PT2,1,AW,BG,49.35,49.9,0.55
PT2,1,AW,NOLERU,49,49.95,0.95
PT2,1,AW,JUNDEP,48.75,50,1.25
PT2,2,MS,JUNDEP,0,0.1,0.1
PT2,2,MS,HERB,0,2.4,2.4
PT2,2,MS,JUNDEP,1.3,2.25,0.95
PT2,2,MS,QUEEMO,3,8.35,5.35
PT2,2,MS,QUEGRI,3.6,8.71,5.11
PT2,2,MS,JUNDEP,6.1,6.6,0.5
PT2,2,MS,PINCEM,6,11.7,5.7
PT2,2,MS,QUEGRA,9.8,17.9,8.1
PT2,2,MS,PINCEM,16.1,33.2,17.1
PT2,2,MS,NOLERU,18.5,20.7,2.2
PT2,2,MS,AGAHAV,25.9,26.33,0.43
PT2,2,MS,AGAHAV,33.25,33.41,0.16
PT2,2,MS,QUEGRI,28.8,29.45,0.65
PT2,2,MS,QUEGRA,32.34,38.8,6.46
PT2,2,MS,QUEEMO,39.9,39.93,0.03
PT2,2,MS,PINCEM,35.05,42.68,7.63
PT2,2,MS,JUNDEP,44.9,46.4,1.5
PT2,2,MS,NOLERU,44.4,46.15,1.75
PT2,2,MS,NOLERU,37.05,40.1,3.05
PT2,2,MS,JUNDEP,49.6,50,0.4
PT2,3,MS,HERB,5.11,50,44.89
PT2,3,MS,HERB,0,32.9,32.9
PT2,3,MS,PINCEM,2.2,8.25,6.05
PT2,3,MS,QUEGRI,3.5,6.6,3.1
PT2,3,MS,JUNDEP,11.46,13,1.54
PT2,3,MS,JUNFLA,13.35,19.8,6.45
PT2,3,MS,QUEGRI,16.61,19.35,2.74
PT2,3,MS,JUNDEP,21.55,24.4,2.85
PT2,3,MS,PINCEM,20.85,40.45,19.6
PT2,3,MS,QUEGRI,25,26.4,1.4
PT2,3,MS,JUNDEP,26.7,29.71,3.01
PT2,3,MS,NOLERU,29.9,31.9,2
PT2,3,MS,JUNFLA,34.7,35.75,1.05
PT2,3,MS,QUEEMO,39.8,40.4,0.6
PT2,3,MS,JUNFLA,43.8,47.1,3.3
PT2,3,MS,HERB,41.1,44.6,3.5
PT2,3,MS,QUEEMO,46.7,49.5,2.8
PT2,3,MS,AGAHAV,45.9,46.7,0.8
PT2,3,MS,NOLERU,48.2,50,1.8
PT2,4,DR,PINCEM,0,5.4,5.4
PT2,4,DR,JUNDEP,4.6,5.25,0.65
PT2,4,DR,HERB,0,7.1,7.1
PT2,4,DR,QUEEMO,6,6.4,0.4
PT2,4,DR,PINCEM,6.65,11.1,4.45
PT2,4,DR,HERB,10.7,18.2,7.5
PT2,4,DR,JUNDEP,12,15.9,3.9
PT2,4,DR,NOLERU,12.1,12.2,0.1
PT2,4,DR,NOLERU,13.7,13.85,0.15
PT2,4,DR,QUEGRI,15,18.05,3.05
PT2,4,DR,OPUCHI,15.85,15.95,0.1
PT2,4,DR,JUNDEP,17.35,18,0.65
PT2,4,DR,JUNFLA,18.45,19.9,1.45
PT2,4,DR,NOLERU,19.35,21.25,1.9
PT2,4,DR,QUEGRI,19.6,23.8,4.2
PT2,4,DR,JUNDEP,22.2,23.65,1.45
PT2,4,DR,HERB,22.3,28.7,6.4
PT2,4,DR,QUEGRI,24.3,26.4,2.1
PT2,4,DR,JUNDEP,24.8,27.5,2.7
PT2,4,DR,PINCEM,27.95,28,0.05
PT2,4,DR,NOLERU,28.6,30.6,2
PT2,4,DR,PINCEM,30.55,31.3,0.75
PT2,4,DR,QUEGRI,32.4,33.2,0.8
PT2,4,DR,HERB,32.5,35.1,2.6
PT2,4,DR,PINCEM,32.55,32.75,0.2
PT2,4,DR,JUNDEP,35.15,36.3,1.15
PT2,4,DR,NOLERU,35.7,37.5,1.8
PT2,4,DR,JUNDEP,36.9,38.9,2
PT2,4,DR,SALREG,38.4,38.95,0.55
PT2,4,DR,QUEGRI,38.9,41.7,2.8
PT2,4,DR,NOLERU,38.4,40.1,1.7
PT2,4,DR,PINCEM,42.7,43,0.3
PT2,4,DR,JUNDEP,44,45.15,1.15
PT2,4,DR,JUNDEP,46.1,46.85,0.75
PT2,4,DR,JUNFLA,47,47.4,0.4
PT2,4,DR,QUEGRI,47.35,50,2.65
PT2,4,DR,HERB,49.6,50,0.4
